,did_activity,did_interaction,is_AM,is_adult,color,on_ground
1,True,True,0,1.0,1.0,1.0
2,True,False,1,1.0,2.0,0.0
3,True,True,0,0.0,1.0,0.0
5,False,False,1,0.0,1.0,1.0
6,True,False,0,1.0,1.0,1.0
8,True,False,1,1.0,1.0,1.0
10,True,False,1,1.0,1.0,0.0
12,True,False,1,1.0,1.0,1.0
13,True,False,1,1.0,1.0,1.0
14,False,True,0,1.0,1.0,1.0
15,True,False,1,1.0,1.0,0.0
16,True,False,0,1.0,1.0,1.0
17,True,False,0,1.0,1.0,1.0
18,True,False,0,1.0,2.0,1.0
19,True,False,1,1.0,1.0,0.0
20,True,False,0,1.0,1.0,0.0
21,True,False,1,1.0,1.0,1.0
22,True,False,0,0.0,1.0,1.0
23,False,False,1,1.0,1.0,1.0
24,True,True,1,1.0,1.0,0.0
25,True,True,1,1.0,2.0,1.0
26,False,True,1,1.0,2.0,1.0
27,True,False,0,1.0,1.0,1.0
29,True,False,1,1.0,1.0,1.0
30,True,False,0,1.0,1.0,1.0
32,True,False,1,1.0,1.0,1.0
33,True,False,0,1.0,1.0,1.0
34,True,True,0,1.0,1.0,1.0
35,True,True,0,1.0,2.0,1.0
36,False,False,0,1.0,1.0,1.0
37,True,True,1,1.0,1.0,1.0
38,True,False,0,1.0,1.0,0.0
39,True,False,0,1.0,1.0,1.0
40,True,True,1,1.0,1.0,1.0
41,True,True,0,1.0,0.0,1.0
42,True,True,0,0.0,1.0,0.0
43,True,False,1,1.0,1.0,0.0
44,True,True,1,1.0,1.0,0.0
45,True,False,0,1.0,1.0,0.0
46,True,True,0,1.0,1.0,1.0
47,True,False,1,1.0,1.0,0.0
48,True,False,1,1.0,1.0,0.0
49,True,False,1,1.0,0.0,0.0
50,True,False,0,1.0,1.0,1.0
51,True,False,1,0.0,1.0,1.0
52,True,True,1,0.0,1.0,1.0
53,True,False,0,1.0,1.0,1.0
54,True,False,0,1.0,1.0,1.0
55,True,False,1,0.0,1.0,1.0
56,True,False,1,0.0,1.0,1.0
57,False,True,0,1.0,1.0,1.0
58,True,False,0,1.0,1.0,1.0
59,True,True,0,1.0,1.0,1.0
60,True,True,0,1.0,1.0,1.0
61,True,False,1,1.0,1.0,1.0
62,True,True,1,1.0,2.0,1.0
64,False,True,0,1.0,1.0,1.0
65,True,False,0,1.0,1.0,1.0
66,True,True,0,1.0,2.0,1.0
68,True,False,0,1.0,1.0,1.0
69,True,False,0,1.0,1.0,1.0
70,True,False,0,1.0,1.0,0.0
71,True,False,0,1.0,1.0,0.0
72,True,True,0,1.0,1.0,1.0
73,True,True,0,1.0,1.0,1.0
74,True,False,0,1.0,1.0,1.0
75,True,False,0,1.0,1.0,1.0
76,True,False,1,1.0,1.0,1.0
77,False,True,0,1.0,1.0,1.0
78,True,True,1,1.0,2.0,1.0
79,True,True,1,1.0,1.0,0.0
80,True,False,0,1.0,1.0,1.0
81,True,True,0,1.0,1.0,1.0
82,True,True,0,1.0,2.0,1.0
83,True,True,1,1.0,1.0,1.0
84,True,False,0,1.0,1.0,0.0
85,True,False,1,1.0,1.0,0.0
86,True,True,0,1.0,2.0,1.0
87,True,True,1,1.0,2.0,1.0
88,True,False,0,1.0,1.0,1.0
89,True,True,1,1.0,1.0,1.0
92,True,False,1,1.0,1.0,1.0
93,True,True,0,1.0,1.0,1.0
94,True,True,1,1.0,1.0,1.0
95,False,False,0,1.0,1.0,0.0
96,True,False,1,1.0,1.0,1.0
97,False,True,1,0.0,1.0,0.0
98,True,False,0,1.0,0.0,0.0
99,False,True,1,0.0,1.0,0.0
100,True,True,0,0.0,1.0,1.0
101,True,True,0,1.0,1.0,0.0
103,True,False,1,1.0,1.0,1.0
104,True,False,0,1.0,1.0,0.0
105,True,False,0,1.0,1.0,1.0
106,True,True,1,1.0,1.0,1.0
107,True,True,0,1.0,1.0,1.0
109,True,True,1,1.0,1.0,0.0
110,True,False,0,1.0,1.0,0.0
111,True,False,1,1.0,1.0,0.0
112,True,False,0,1.0,1.0,0.0
113,True,True,0,1.0,1.0,1.0
114,True,False,0,0.0,1.0,1.0
115,True,False,1,1.0,1.0,0.0
116,False,False,1,1.0,1.0,1.0
117,True,False,0,1.0,1.0,1.0
118,True,False,0,1.0,1.0,1.0
119,True,False,1,1.0,2.0,1.0
120,True,False,1,1.0,1.0,1.0
121,True,True,1,1.0,1.0,1.0
122,True,True,1,1.0,1.0,1.0
123,True,True,1,1.0,1.0,1.0
124,True,False,0,1.0,2.0,1.0
125,True,False,0,1.0,1.0,0.0
126,True,True,1,1.0,1.0,1.0
127,True,True,0,1.0,1.0,1.0
128,True,False,0,1.0,1.0,1.0
129,True,True,0,1.0,0.0,1.0
130,True,False,1,1.0,1.0,1.0
131,True,False,1,1.0,1.0,1.0
132,True,True,0,1.0,1.0,1.0
133,True,True,0,1.0,1.0,1.0
134,True,True,0,1.0,1.0,0.0
135,True,True,0,1.0,1.0,1.0
136,True,True,1,1.0,1.0,0.0
137,True,False,0,1.0,1.0,1.0
138,True,False,1,1.0,1.0,0.0
139,False,False,0,1.0,2.0,1.0
140,True,False,0,1.0,1.0,1.0
141,True,False,0,1.0,1.0,1.0
142,True,True,0,1.0,1.0,1.0
143,True,False,0,1.0,1.0,0.0
144,True,False,1,1.0,1.0,1.0
145,True,False,1,1.0,1.0,1.0
146,True,True,1,1.0,1.0,0.0
147,False,False,1,1.0,1.0,1.0
148,True,False,0,0.0,1.0,1.0
149,True,True,0,1.0,2.0,0.0
150,True,False,1,1.0,2.0,1.0
151,True,False,1,1.0,1.0,1.0
152,True,False,0,1.0,1.0,1.0
153,True,True,1,1.0,1.0,1.0
154,True,True,0,0.0,1.0,1.0
155,True,False,0,1.0,1.0,0.0
156,True,True,1,1.0,1.0,1.0
157,True,False,0,1.0,1.0,1.0
158,True,True,0,1.0,1.0,1.0
159,True,True,1,1.0,1.0,1.0
160,True,True,0,1.0,1.0,1.0
161,True,True,0,1.0,1.0,1.0
162,False,False,1,1.0,1.0,0.0
163,True,False,0,1.0,1.0,1.0
164,True,True,0,1.0,2.0,1.0
165,True,False,1,1.0,2.0,0.0
166,True,False,0,1.0,1.0,1.0
167,True,True,0,1.0,1.0,0.0
168,True,False,1,0.0,1.0,0.0
169,True,True,1,1.0,1.0,1.0
170,True,False,0,1.0,1.0,1.0
171,True,True,1,0.0,1.0,1.0
173,True,False,0,1.0,1.0,1.0
174,True,True,1,1.0,1.0,1.0
175,True,True,0,1.0,1.0,1.0
177,True,False,0,1.0,1.0,0.0
178,True,False,0,1.0,1.0,1.0
179,True,False,0,1.0,1.0,1.0
180,True,True,0,1.0,0.0,1.0
182,True,False,1,1.0,1.0,1.0
183,True,True,1,1.0,1.0,1.0
184,True,True,1,1.0,1.0,0.0
185,True,True,1,0.0,1.0,1.0
186,True,True,1,0.0,1.0,1.0
187,False,True,1,1.0,2.0,0.0
189,True,False,0,1.0,1.0,1.0
190,True,False,1,0.0,1.0,0.0
191,True,True,0,1.0,1.0,1.0
192,True,True,0,1.0,1.0,1.0
193,True,True,0,1.0,2.0,1.0
194,True,True,0,1.0,1.0,1.0
195,False,False,0,1.0,1.0,1.0
196,True,False,0,1.0,1.0,1.0
198,True,False,1,1.0,2.0,0.0
199,True,False,1,1.0,1.0,1.0
200,True,False,0,1.0,1.0,0.0
201,True,False,0,1.0,1.0,1.0
202,True,True,1,1.0,1.0,1.0
203,True,True,1,0.0,2.0,1.0
204,True,True,0,1.0,1.0,1.0
205,True,False,1,1.0,1.0,1.0
206,True,False,1,1.0,1.0,0.0
207,True,False,0,1.0,1.0,1.0
208,True,True,0,0.0,1.0,1.0
209,True,True,0,1.0,0.0,0.0
210,True,False,0,1.0,1.0,1.0
211,True,False,1,1.0,1.0,0.0
213,True,True,1,1.0,2.0,1.0
214,True,False,1,1.0,1.0,1.0
215,True,False,0,1.0,1.0,1.0
216,True,True,0,0.0,2.0,1.0
217,True,False,0,1.0,1.0,1.0
218,True,True,0,1.0,1.0,1.0
219,True,False,0,1.0,1.0,0.0
220,True,False,0,1.0,1.0,1.0
222,True,False,1,1.0,1.0,1.0
223,True,True,0,1.0,2.0,0.0
224,True,True,0,1.0,1.0,1.0
225,True,False,1,1.0,1.0,0.0
226,True,False,1,1.0,0.0,1.0
227,True,False,1,1.0,1.0,1.0
228,False,False,0,1.0,1.0,0.0
229,True,True,1,1.0,1.0,1.0
230,True,True,1,1.0,1.0,1.0
231,True,True,1,1.0,1.0,1.0
232,True,False,0,1.0,2.0,1.0
233,True,True,1,1.0,1.0,1.0
234,True,True,0,1.0,1.0,1.0
235,True,True,0,1.0,1.0,1.0
236,True,True,0,1.0,1.0,0.0
237,True,True,0,0.0,1.0,1.0
238,True,True,0,1.0,1.0,1.0
239,True,False,0,1.0,1.0,1.0
240,True,False,1,1.0,1.0,1.0
241,True,True,1,1.0,1.0,1.0
242,True,False,1,1.0,1.0,0.0
243,True,True,1,1.0,1.0,1.0
244,True,True,0,1.0,1.0,1.0
245,True,True,0,1.0,1.0,1.0
246,True,False,0,1.0,2.0,1.0
247,True,True,0,1.0,1.0,0.0
248,True,False,0,1.0,2.0,1.0
249,True,True,1,1.0,1.0,1.0
250,False,False,1,1.0,1.0,1.0
252,True,True,0,1.0,1.0,1.0
253,True,False,1,0.0,2.0,1.0
254,True,False,1,1.0,2.0,0.0
256,True,True,1,0.0,2.0,1.0
257,True,True,1,1.0,1.0,0.0
258,True,False,1,1.0,1.0,0.0
259,True,True,1,1.0,1.0,0.0
260,True,True,1,1.0,2.0,0.0
261,True,False,0,1.0,1.0,0.0
262,True,False,0,1.0,2.0,1.0
263,True,False,1,1.0,1.0,1.0
264,True,True,1,1.0,1.0,1.0
265,True,True,0,1.0,1.0,1.0
266,True,False,0,1.0,2.0,1.0
267,True,True,1,1.0,2.0,0.0
268,False,False,0,1.0,1.0,1.0
269,True,True,0,1.0,1.0,1.0
270,True,True,1,1.0,1.0,0.0
271,True,False,0,1.0,1.0,1.0
272,True,True,1,1.0,1.0,1.0
273,True,True,0,1.0,1.0,1.0
274,True,False,0,1.0,1.0,1.0
275,True,False,0,1.0,1.0,1.0
276,True,True,1,0.0,1.0,1.0
277,True,True,0,1.0,1.0,1.0
278,True,False,1,1.0,1.0,0.0
280,False,False,0,1.0,1.0,0.0
281,True,False,0,1.0,1.0,1.0
282,True,True,1,1.0,1.0,1.0
283,True,True,0,1.0,1.0,0.0
284,True,False,1,1.0,1.0,1.0
285,True,True,0,1.0,1.0,0.0
286,True,False,1,1.0,1.0,1.0
287,True,False,0,1.0,1.0,0.0
288,True,True,1,1.0,1.0,1.0
289,True,False,0,1.0,2.0,1.0
290,False,False,1,1.0,1.0,0.0
291,True,True,0,1.0,1.0,1.0
292,True,False,1,1.0,1.0,1.0
293,True,True,0,1.0,1.0,0.0
294,True,False,0,1.0,1.0,1.0
295,True,False,1,1.0,1.0,1.0
296,True,False,0,1.0,1.0,1.0
297,False,True,0,1.0,2.0,1.0
298,True,False,0,0.0,1.0,0.0
299,True,False,1,1.0,1.0,0.0
300,True,False,0,1.0,1.0,1.0
302,True,True,0,1.0,2.0,1.0
303,True,True,1,1.0,1.0,1.0
305,False,True,0,1.0,1.0,0.0
306,True,False,1,1.0,1.0,1.0
307,True,True,1,1.0,1.0,1.0
308,True,False,0,0.0,1.0,1.0
309,True,True,0,1.0,1.0,1.0
310,True,False,0,1.0,1.0,0.0
311,True,True,1,1.0,1.0,1.0
312,True,True,1,1.0,1.0,1.0
313,True,True,0,0.0,1.0,1.0
314,True,False,0,1.0,1.0,1.0
315,True,True,0,1.0,1.0,1.0
316,True,False,0,1.0,1.0,0.0
318,True,False,1,1.0,2.0,0.0
319,True,True,0,1.0,2.0,1.0
320,True,False,0,1.0,1.0,1.0
321,True,True,0,1.0,1.0,1.0
322,True,False,1,1.0,1.0,1.0
324,True,True,1,1.0,0.0,1.0
325,True,True,1,1.0,1.0,0.0
326,True,False,0,1.0,1.0,1.0
327,True,False,0,1.0,1.0,1.0
328,True,False,0,1.0,1.0,1.0
329,True,False,1,1.0,1.0,1.0
330,True,True,0,1.0,1.0,0.0
331,True,True,0,1.0,1.0,1.0
332,True,False,0,0.0,1.0,0.0
333,True,False,1,1.0,1.0,1.0
334,True,True,1,1.0,1.0,0.0
335,True,False,0,1.0,1.0,0.0
336,True,True,0,1.0,1.0,0.0
337,True,True,0,1.0,1.0,1.0
338,True,True,0,1.0,1.0,0.0
339,True,True,1,1.0,1.0,1.0
340,True,True,0,0.0,1.0,0.0
341,True,True,1,1.0,1.0,1.0
342,True,True,0,1.0,1.0,1.0
343,True,False,0,1.0,1.0,0.0
344,True,False,0,1.0,1.0,1.0
345,True,False,1,1.0,1.0,1.0
346,True,False,1,1.0,1.0,0.0
348,True,False,1,1.0,2.0,1.0
349,True,False,1,1.0,1.0,1.0
350,True,False,1,1.0,1.0,1.0
351,True,False,1,1.0,1.0,0.0
352,True,False,0,1.0,1.0,1.0
353,True,False,0,1.0,1.0,0.0
354,True,False,0,1.0,1.0,1.0
355,True,True,0,0.0,1.0,1.0
356,True,False,0,1.0,1.0,1.0
357,True,False,1,1.0,2.0,1.0
358,True,False,0,1.0,1.0,0.0
359,True,True,0,1.0,1.0,0.0
360,True,True,0,1.0,1.0,1.0
361,True,True,0,1.0,1.0,1.0
363,True,True,1,1.0,1.0,0.0
364,True,True,1,0.0,1.0,1.0
365,True,False,0,1.0,1.0,0.0
366,True,False,0,1.0,1.0,1.0
367,True,False,0,1.0,1.0,1.0
368,True,False,0,1.0,0.0,0.0
369,True,False,1,1.0,1.0,1.0
370,True,False,1,1.0,1.0,0.0
371,True,True,1,1.0,1.0,0.0
372,True,True,1,1.0,1.0,1.0
373,True,False,1,0.0,1.0,0.0
374,True,False,0,0.0,2.0,1.0
375,True,True,0,1.0,2.0,1.0
376,True,False,1,1.0,2.0,0.0
377,True,False,0,1.0,1.0,0.0
378,True,True,0,1.0,1.0,1.0
379,True,True,1,1.0,1.0,0.0
381,True,True,0,1.0,1.0,1.0
382,True,True,0,1.0,1.0,1.0
383,True,True,1,1.0,2.0,0.0
384,False,False,0,1.0,1.0,0.0
385,True,True,1,1.0,1.0,1.0
386,False,True,0,1.0,1.0,0.0
387,True,True,1,1.0,0.0,0.0
388,True,False,0,1.0,1.0,1.0
390,True,False,1,1.0,0.0,0.0
391,True,False,1,1.0,2.0,1.0
392,True,False,0,1.0,1.0,1.0
393,False,False,0,1.0,1.0,0.0
394,True,False,0,1.0,1.0,1.0
395,True,False,0,1.0,1.0,1.0
398,True,False,0,0.0,2.0,0.0
399,True,False,0,1.0,1.0,1.0
400,True,True,0,1.0,1.0,0.0
401,True,True,0,1.0,1.0,1.0
402,True,True,0,1.0,1.0,1.0
403,True,False,0,1.0,1.0,1.0
404,True,True,1,1.0,2.0,1.0
405,True,False,1,1.0,1.0,1.0
406,True,False,0,1.0,1.0,1.0
407,True,False,0,0.0,1.0,1.0
408,True,True,0,1.0,1.0,1.0
409,True,True,0,1.0,1.0,1.0
410,True,True,0,1.0,1.0,1.0
411,True,False,0,1.0,2.0,1.0
412,True,False,0,1.0,1.0,1.0
413,True,False,1,1.0,1.0,0.0
414,True,True,0,1.0,1.0,0.0
415,True,True,0,1.0,1.0,1.0
416,True,True,1,1.0,1.0,1.0
417,True,False,0,1.0,1.0,1.0
418,True,True,1,0.0,1.0,1.0
419,True,True,0,1.0,1.0,1.0
420,True,True,1,0.0,1.0,1.0
421,True,False,0,1.0,1.0,1.0
422,True,True,0,0.0,2.0,1.0
423,True,False,0,1.0,2.0,1.0
424,True,True,1,1.0,1.0,0.0
425,True,False,0,1.0,1.0,0.0
426,True,True,0,1.0,1.0,1.0
427,True,False,1,1.0,1.0,0.0
428,True,False,0,1.0,1.0,1.0
429,True,False,0,1.0,0.0,0.0
430,True,True,0,1.0,1.0,1.0
431,True,True,0,0.0,2.0,1.0
432,False,True,1,1.0,1.0,0.0
433,True,True,0,1.0,1.0,1.0
434,True,True,1,1.0,1.0,1.0
435,True,False,0,1.0,1.0,1.0
436,True,False,0,1.0,1.0,1.0
437,True,False,0,1.0,1.0,1.0
438,True,False,1,1.0,1.0,1.0
439,True,False,1,1.0,1.0,0.0
440,True,False,1,1.0,1.0,0.0
441,True,False,1,0.0,1.0,1.0
442,True,False,0,1.0,1.0,1.0
443,True,False,0,1.0,1.0,0.0
444,True,False,0,1.0,1.0,1.0
446,True,True,0,1.0,1.0,1.0
447,True,False,0,1.0,1.0,1.0
448,True,True,1,1.0,1.0,1.0
449,True,True,1,1.0,1.0,1.0
450,True,False,1,1.0,1.0,1.0
452,True,True,0,1.0,1.0,1.0
453,True,False,1,1.0,2.0,1.0
455,True,False,0,1.0,1.0,1.0
456,True,False,0,1.0,1.0,1.0
458,True,False,1,0.0,1.0,1.0
459,True,False,0,1.0,1.0,0.0
460,True,True,0,1.0,2.0,1.0
461,True,False,0,1.0,1.0,0.0
462,True,True,0,1.0,1.0,1.0
463,True,True,1,1.0,2.0,1.0
464,True,False,1,1.0,1.0,1.0
465,True,False,1,1.0,1.0,1.0
466,True,False,1,0.0,1.0,1.0
467,True,False,0,1.0,1.0,1.0
468,True,False,0,1.0,1.0,1.0
469,True,True,1,1.0,2.0,1.0
470,True,True,1,1.0,1.0,1.0
471,True,False,1,1.0,1.0,1.0
472,True,False,1,1.0,0.0,1.0
473,True,False,0,1.0,1.0,1.0
474,True,False,0,1.0,1.0,1.0
475,False,True,1,1.0,1.0,0.0
476,True,False,1,1.0,2.0,1.0
477,True,True,0,1.0,1.0,1.0
478,True,False,0,1.0,1.0,1.0
479,True,False,1,1.0,1.0,0.0
480,True,False,1,1.0,0.0,1.0
481,True,True,0,0.0,1.0,1.0
482,True,False,1,0.0,1.0,0.0
483,False,False,1,0.0,1.0,1.0
484,True,True,1,1.0,2.0,1.0
485,True,False,1,1.0,1.0,1.0
486,True,False,0,1.0,1.0,1.0
487,True,False,1,0.0,1.0,0.0
488,True,False,1,1.0,1.0,1.0
489,True,False,0,1.0,2.0,1.0
490,True,True,1,1.0,1.0,1.0
491,True,False,0,1.0,1.0,1.0
492,True,True,1,1.0,2.0,1.0
493,True,False,0,1.0,1.0,1.0
494,True,False,0,0.0,2.0,1.0
495,True,False,1,1.0,1.0,0.0
497,True,False,1,1.0,1.0,0.0
498,True,False,0,1.0,1.0,1.0
499,False,False,0,1.0,1.0,1.0
500,True,True,1,1.0,1.0,1.0
501,True,False,0,1.0,1.0,1.0
503,True,True,0,1.0,1.0,1.0
504,True,False,0,1.0,1.0,0.0
505,True,True,1,1.0,2.0,0.0
506,True,True,1,1.0,1.0,1.0
507,True,True,1,0.0,1.0,0.0
508,True,True,0,1.0,2.0,0.0
509,True,True,1,1.0,1.0,0.0
510,True,True,1,1.0,1.0,1.0
512,True,True,1,1.0,1.0,1.0
513,True,True,0,1.0,2.0,1.0
515,True,False,0,1.0,1.0,1.0
516,True,False,0,1.0,1.0,1.0
517,True,False,1,1.0,1.0,0.0
518,True,False,0,1.0,1.0,1.0
519,True,False,0,1.0,1.0,1.0
520,True,False,0,1.0,1.0,1.0
521,True,True,0,1.0,1.0,1.0
522,True,False,0,1.0,1.0,1.0
523,True,False,1,1.0,1.0,1.0
524,True,False,1,0.0,2.0,0.0
526,True,False,1,1.0,1.0,1.0
527,True,True,0,1.0,1.0,0.0
528,True,True,1,1.0,1.0,1.0
529,True,False,0,1.0,1.0,0.0
530,True,False,1,1.0,1.0,1.0
531,True,False,1,1.0,1.0,1.0
532,True,True,0,1.0,1.0,1.0
533,True,True,1,1.0,2.0,0.0
534,True,False,1,1.0,1.0,1.0
535,True,True,0,1.0,1.0,1.0
537,True,False,1,1.0,1.0,1.0
539,True,True,0,1.0,1.0,1.0
540,True,False,1,1.0,1.0,1.0
541,True,False,0,1.0,0.0,0.0
542,True,False,1,1.0,1.0,1.0
543,True,True,1,1.0,1.0,1.0
544,True,False,0,1.0,2.0,1.0
545,True,True,0,1.0,0.0,1.0
546,True,True,1,1.0,1.0,0.0
547,True,False,0,1.0,1.0,1.0
548,False,False,0,1.0,1.0,1.0
549,True,True,0,1.0,1.0,1.0
550,True,False,0,1.0,1.0,1.0
551,True,True,1,1.0,2.0,0.0
552,False,False,1,1.0,1.0,1.0
553,True,True,0,1.0,1.0,1.0
554,True,True,1,1.0,1.0,0.0
555,True,False,0,1.0,1.0,1.0
556,True,False,1,1.0,2.0,1.0
557,True,True,0,1.0,1.0,1.0
558,True,False,1,1.0,1.0,1.0
559,True,False,0,1.0,1.0,1.0
560,True,True,0,1.0,1.0,0.0
561,True,False,0,1.0,1.0,1.0
562,True,False,0,1.0,1.0,1.0
563,True,False,0,1.0,1.0,1.0
564,True,False,1,1.0,1.0,0.0
565,True,True,1,1.0,1.0,0.0
566,True,True,0,0.0,1.0,0.0
567,True,True,1,1.0,1.0,1.0
568,True,True,0,1.0,1.0,0.0
569,True,False,1,0.0,1.0,1.0
571,True,True,0,1.0,1.0,1.0
572,True,False,1,1.0,1.0,1.0
573,True,True,0,1.0,1.0,1.0
574,True,False,0,1.0,1.0,1.0
575,True,False,1,1.0,1.0,1.0
577,True,False,0,0.0,1.0,1.0
578,True,True,0,1.0,1.0,1.0
579,True,False,0,1.0,1.0,1.0
580,True,True,0,1.0,1.0,1.0
582,True,True,0,1.0,1.0,1.0
583,True,False,1,1.0,1.0,1.0
584,True,False,0,1.0,1.0,1.0
585,False,True,0,1.0,1.0,1.0
586,True,False,1,1.0,1.0,1.0
587,True,True,1,0.0,2.0,0.0
588,True,True,1,1.0,1.0,1.0
589,True,False,0,1.0,2.0,1.0
590,True,False,0,1.0,1.0,0.0
591,True,False,0,1.0,1.0,1.0
592,True,True,1,0.0,0.0,0.0
593,False,True,0,0.0,1.0,1.0
594,True,True,0,1.0,1.0,1.0
595,True,False,1,0.0,1.0,1.0
596,True,False,1,1.0,1.0,1.0
597,True,True,0,0.0,1.0,0.0
598,True,True,0,1.0,1.0,1.0
599,True,False,0,1.0,2.0,0.0
600,True,True,0,1.0,1.0,0.0
601,True,True,0,1.0,1.0,0.0
602,True,True,1,1.0,1.0,1.0
604,True,False,1,1.0,1.0,1.0
605,True,False,0,1.0,1.0,1.0
607,True,False,1,0.0,0.0,0.0
608,True,True,0,1.0,1.0,1.0
609,True,False,1,1.0,1.0,0.0
610,True,False,0,1.0,1.0,1.0
611,True,True,1,1.0,1.0,1.0
613,True,True,0,1.0,1.0,1.0
614,True,True,1,1.0,1.0,0.0
615,False,False,1,1.0,1.0,1.0
617,True,True,1,1.0,1.0,1.0
618,True,False,0,1.0,1.0,1.0
619,True,True,0,1.0,2.0,0.0
620,True,True,0,1.0,1.0,1.0
621,False,True,0,0.0,1.0,1.0
622,True,True,1,1.0,1.0,1.0
623,True,True,1,0.0,1.0,1.0
624,True,False,0,1.0,2.0,1.0
625,True,False,1,1.0,1.0,1.0
626,True,True,0,1.0,1.0,1.0
627,True,True,0,1.0,1.0,1.0
628,True,True,1,1.0,1.0,1.0
629,False,True,1,1.0,1.0,1.0
630,True,False,1,1.0,1.0,1.0
631,True,False,1,1.0,1.0,1.0
633,True,False,1,1.0,0.0,0.0
634,True,False,0,0.0,1.0,0.0
635,True,False,0,1.0,2.0,1.0
636,True,False,1,1.0,1.0,1.0
637,True,False,0,1.0,1.0,1.0
639,True,False,0,1.0,2.0,1.0
640,True,True,1,1.0,1.0,0.0
641,True,False,1,1.0,1.0,1.0
642,True,True,0,1.0,1.0,1.0
643,True,True,0,1.0,1.0,1.0
645,True,False,0,0.0,1.0,0.0
646,True,True,1,1.0,1.0,0.0
647,True,True,1,1.0,1.0,1.0
648,True,False,1,1.0,1.0,1.0
650,True,True,0,1.0,2.0,1.0
651,True,True,0,1.0,1.0,1.0
652,True,True,0,1.0,1.0,1.0
653,True,False,1,0.0,1.0,1.0
654,True,True,0,0.0,1.0,1.0
655,False,False,1,1.0,1.0,0.0
657,True,True,0,1.0,0.0,1.0
658,True,False,1,1.0,1.0,1.0
659,True,False,1,1.0,2.0,1.0
660,True,False,1,1.0,1.0,1.0
661,True,False,1,1.0,1.0,1.0
662,True,True,1,1.0,1.0,1.0
663,True,False,0,1.0,1.0,1.0
664,True,False,1,1.0,1.0,0.0
665,True,False,1,1.0,1.0,0.0
666,True,True,1,1.0,2.0,0.0
667,True,True,1,1.0,1.0,1.0
668,True,True,1,0.0,1.0,1.0
669,True,True,0,1.0,1.0,0.0
670,True,True,1,1.0,1.0,1.0
671,True,False,0,1.0,1.0,1.0
672,False,False,0,1.0,1.0,0.0
673,True,False,1,1.0,1.0,1.0
674,True,True,1,1.0,1.0,1.0
675,True,True,1,1.0,1.0,1.0
676,True,True,0,1.0,2.0,1.0
677,True,False,0,1.0,1.0,1.0
678,True,False,0,1.0,1.0,1.0
679,True,False,1,1.0,1.0,1.0
680,True,True,1,1.0,1.0,1.0
681,True,True,0,1.0,1.0,1.0
682,True,True,1,1.0,1.0,0.0
683,True,False,0,1.0,2.0,1.0
684,True,False,1,1.0,2.0,1.0
687,True,False,0,1.0,1.0,1.0
688,True,False,0,1.0,1.0,1.0
690,True,False,0,0.0,0.0,1.0
691,True,True,0,1.0,1.0,1.0
692,True,False,1,0.0,1.0,1.0
693,True,False,1,1.0,1.0,1.0
694,True,False,0,0.0,2.0,0.0
695,True,True,1,1.0,1.0,0.0
696,True,True,0,1.0,1.0,1.0
697,True,False,1,1.0,1.0,0.0
698,True,False,1,1.0,2.0,1.0
699,True,False,1,1.0,1.0,0.0
700,True,False,0,0.0,1.0,1.0
701,True,True,1,1.0,1.0,0.0
702,True,True,1,1.0,1.0,1.0
703,True,False,1,1.0,1.0,1.0
704,True,False,0,1.0,1.0,1.0
705,True,True,0,0.0,1.0,1.0
706,True,False,1,1.0,1.0,1.0
708,True,False,0,1.0,1.0,1.0
709,False,False,0,1.0,1.0,1.0
711,True,True,1,1.0,1.0,1.0
712,True,True,1,1.0,1.0,1.0
713,True,False,1,1.0,1.0,1.0
714,True,False,0,1.0,2.0,1.0
715,True,False,1,1.0,1.0,1.0
716,True,True,0,1.0,1.0,1.0
717,True,False,0,1.0,1.0,1.0
718,True,True,1,1.0,1.0,1.0
719,True,True,0,1.0,1.0,1.0
720,True,False,0,1.0,0.0,1.0
721,True,False,1,1.0,1.0,1.0
722,True,True,0,1.0,2.0,1.0
723,True,True,1,1.0,1.0,1.0
724,True,False,1,0.0,1.0,1.0
725,True,True,0,1.0,1.0,0.0
727,True,True,0,1.0,1.0,0.0
728,True,False,0,0.0,1.0,0.0
729,True,True,0,1.0,1.0,1.0
730,True,False,1,1.0,0.0,1.0
731,True,True,1,1.0,1.0,1.0
732,True,True,1,1.0,1.0,0.0
733,True,False,1,1.0,1.0,1.0
734,True,False,0,1.0,1.0,1.0
735,True,False,1,1.0,1.0,1.0
736,True,False,0,1.0,1.0,0.0
737,True,True,1,1.0,1.0,1.0
738,True,True,0,1.0,1.0,1.0
739,True,True,0,1.0,1.0,1.0
740,True,False,0,1.0,1.0,1.0
741,False,False,0,1.0,1.0,1.0
742,True,True,1,0.0,1.0,1.0
743,False,False,0,1.0,1.0,0.0
744,True,False,1,1.0,2.0,1.0
745,True,True,1,1.0,0.0,1.0
746,True,False,1,1.0,1.0,0.0
747,True,True,0,1.0,2.0,1.0
748,True,False,0,1.0,1.0,0.0
749,True,False,1,1.0,1.0,1.0
750,True,False,0,0.0,1.0,1.0
752,True,False,1,1.0,1.0,1.0
753,True,False,0,0.0,1.0,0.0
754,True,False,0,1.0,0.0,0.0
755,True,True,1,0.0,1.0,1.0
756,True,False,1,1.0,1.0,0.0
757,True,False,1,1.0,1.0,0.0
758,True,False,1,1.0,1.0,1.0
759,True,True,1,1.0,1.0,0.0
761,True,True,0,1.0,1.0,1.0
762,True,False,0,1.0,1.0,1.0
763,True,False,1,1.0,1.0,0.0
764,True,False,0,1.0,1.0,0.0
765,False,False,1,1.0,1.0,1.0
766,True,True,1,1.0,1.0,0.0
767,True,True,1,1.0,1.0,1.0
768,True,True,1,1.0,1.0,1.0
769,True,True,1,1.0,0.0,1.0
770,True,True,1,1.0,1.0,0.0
771,True,False,0,1.0,1.0,1.0
772,True,False,0,1.0,1.0,0.0
773,True,True,0,1.0,1.0,1.0
774,True,True,0,1.0,1.0,1.0
775,True,False,0,1.0,1.0,0.0
776,True,True,1,0.0,1.0,1.0
777,True,False,1,1.0,1.0,0.0
778,True,True,0,1.0,1.0,1.0
779,True,False,0,0.0,2.0,0.0
780,True,False,1,1.0,1.0,0.0
781,True,False,0,1.0,1.0,0.0
783,True,True,0,0.0,1.0,1.0
784,True,True,0,1.0,1.0,1.0
785,True,False,1,1.0,1.0,1.0
786,True,False,0,1.0,1.0,1.0
787,True,False,1,1.0,2.0,0.0
788,True,False,0,1.0,2.0,0.0
789,True,False,0,1.0,1.0,1.0
790,True,True,0,1.0,1.0,1.0
791,True,False,1,0.0,1.0,0.0
792,True,True,0,1.0,1.0,1.0
794,True,True,0,1.0,1.0,1.0
795,True,False,1,1.0,1.0,1.0
796,True,True,1,1.0,1.0,0.0
797,True,False,1,1.0,1.0,1.0
798,True,False,0,1.0,2.0,1.0
799,True,False,1,1.0,2.0,1.0
800,False,False,1,1.0,1.0,0.0
801,True,False,1,1.0,1.0,1.0
802,True,False,0,1.0,1.0,1.0
803,True,True,1,0.0,1.0,1.0
804,True,False,0,1.0,2.0,0.0
805,True,True,1,1.0,1.0,1.0
806,True,True,0,1.0,1.0,1.0
807,True,True,0,1.0,1.0,0.0
808,True,False,0,1.0,1.0,1.0
809,True,False,1,1.0,1.0,1.0
810,True,False,1,1.0,1.0,0.0
811,True,False,0,1.0,1.0,1.0
812,True,True,0,1.0,2.0,1.0
814,True,True,0,1.0,1.0,1.0
815,True,True,1,1.0,1.0,1.0
816,True,False,1,1.0,1.0,1.0
817,True,False,1,1.0,1.0,1.0
819,True,True,1,0.0,1.0,0.0
820,True,False,1,1.0,0.0,1.0
821,True,False,1,1.0,1.0,0.0
822,True,False,1,0.0,1.0,1.0
823,True,True,0,1.0,1.0,1.0
824,True,True,0,1.0,1.0,1.0
825,True,False,0,0.0,1.0,1.0
826,True,False,1,1.0,1.0,1.0
827,True,False,0,1.0,1.0,1.0
828,True,True,1,1.0,1.0,1.0
829,True,False,0,1.0,1.0,1.0
830,True,True,0,1.0,1.0,1.0
831,True,True,0,1.0,1.0,1.0
832,True,True,0,1.0,1.0,1.0
833,False,False,0,1.0,1.0,1.0
834,True,False,1,1.0,1.0,0.0
835,True,False,1,1.0,1.0,1.0
836,True,True,0,1.0,0.0,1.0
837,True,False,1,1.0,1.0,0.0
838,True,True,0,1.0,1.0,1.0
839,True,False,0,1.0,1.0,1.0
840,True,True,0,1.0,1.0,1.0
841,True,True,1,1.0,1.0,1.0
842,True,True,1,1.0,1.0,1.0
843,True,False,0,0.0,2.0,0.0
844,True,False,0,1.0,1.0,1.0
845,True,True,1,0.0,1.0,1.0
846,True,True,1,1.0,1.0,1.0
847,True,False,1,1.0,1.0,1.0
848,True,False,1,1.0,1.0,0.0
849,True,True,1,1.0,2.0,1.0
850,True,False,1,1.0,1.0,1.0
851,True,True,1,1.0,2.0,0.0
852,True,True,1,1.0,1.0,1.0
853,True,False,0,0.0,0.0,1.0
854,False,True,0,1.0,1.0,1.0
855,True,True,0,0.0,1.0,0.0
856,True,False,0,1.0,1.0,1.0
857,True,True,1,1.0,0.0,0.0
858,True,True,0,1.0,1.0,1.0
859,True,True,1,1.0,1.0,1.0
861,True,True,1,1.0,1.0,1.0
862,True,False,0,1.0,2.0,1.0
863,True,False,0,1.0,1.0,1.0
864,True,True,0,1.0,1.0,0.0
865,False,True,0,1.0,1.0,1.0
867,True,True,0,1.0,1.0,1.0
868,True,True,0,1.0,1.0,0.0
869,True,False,0,1.0,1.0,1.0
870,True,False,0,0.0,1.0,1.0
871,True,False,0,1.0,0.0,1.0
872,True,False,1,1.0,1.0,1.0
873,True,True,0,1.0,1.0,1.0
874,True,False,0,1.0,1.0,1.0
875,False,False,0,0.0,1.0,1.0
876,True,False,0,1.0,1.0,1.0
877,True,False,0,1.0,1.0,1.0
878,True,False,0,1.0,1.0,1.0
879,True,False,0,0.0,1.0,1.0
880,True,False,0,1.0,1.0,1.0
881,True,True,0,1.0,1.0,1.0
882,True,False,0,1.0,1.0,1.0
883,True,True,0,0.0,1.0,1.0
884,True,False,0,1.0,1.0,1.0
885,True,False,1,1.0,1.0,1.0
886,True,True,0,0.0,1.0,1.0
887,True,True,0,0.0,1.0,1.0
888,True,False,0,1.0,1.0,0.0
889,True,True,0,1.0,1.0,0.0
891,True,False,1,1.0,1.0,1.0
892,True,False,1,1.0,2.0,1.0
893,True,False,1,1.0,2.0,0.0
894,True,True,1,1.0,1.0,1.0
895,False,False,1,0.0,1.0,0.0
896,True,False,0,1.0,2.0,1.0
897,True,True,1,1.0,1.0,1.0
898,True,False,1,1.0,1.0,0.0
899,True,False,1,1.0,1.0,1.0
900,True,False,0,1.0,1.0,0.0
901,True,True,0,1.0,1.0,1.0
902,True,False,1,1.0,1.0,1.0
903,True,False,0,1.0,1.0,1.0
904,True,True,0,1.0,2.0,1.0
905,True,True,1,1.0,1.0,0.0
906,True,False,1,1.0,1.0,1.0
907,True,False,0,1.0,1.0,0.0
908,True,False,0,1.0,1.0,1.0
909,True,False,1,1.0,1.0,1.0
910,True,False,1,1.0,1.0,1.0
911,True,False,0,1.0,1.0,1.0
912,True,True,1,1.0,1.0,1.0
913,True,True,1,0.0,1.0,1.0
914,True,False,1,1.0,1.0,1.0
915,True,True,1,1.0,1.0,1.0
916,True,True,1,1.0,1.0,0.0
917,False,False,0,1.0,1.0,1.0
918,True,False,1,1.0,1.0,0.0
919,True,False,0,1.0,1.0,0.0
920,True,False,1,1.0,1.0,1.0
921,True,True,0,1.0,1.0,1.0
922,True,True,1,1.0,1.0,0.0
923,True,False,0,1.0,1.0,1.0
924,True,True,0,1.0,2.0,1.0
925,False,False,0,1.0,1.0,0.0
926,True,False,0,1.0,1.0,1.0
927,True,True,1,0.0,2.0,1.0
928,True,True,1,1.0,1.0,1.0
929,True,True,1,1.0,1.0,0.0
930,True,False,0,1.0,2.0,1.0
931,True,True,0,1.0,1.0,1.0
932,True,False,0,1.0,1.0,1.0
933,True,False,0,1.0,1.0,1.0
934,True,True,0,1.0,1.0,0.0
935,True,False,0,1.0,1.0,1.0
936,True,False,0,1.0,2.0,1.0
937,True,False,0,1.0,1.0,1.0
938,True,False,0,1.0,2.0,1.0
939,True,True,0,1.0,1.0,1.0
940,True,True,1,1.0,1.0,1.0
941,True,False,1,1.0,1.0,0.0
942,True,True,1,0.0,1.0,1.0
943,True,False,1,1.0,1.0,1.0
944,True,False,1,1.0,1.0,1.0
945,True,True,0,1.0,2.0,1.0
946,True,False,1,1.0,1.0,1.0
947,True,False,1,1.0,1.0,1.0
948,True,False,0,1.0,1.0,1.0
949,True,False,1,1.0,1.0,1.0
950,True,True,0,1.0,1.0,0.0
951,True,False,0,1.0,1.0,1.0
952,True,True,0,1.0,1.0,0.0
953,True,False,1,0.0,2.0,1.0
955,True,True,0,1.0,1.0,1.0
956,True,False,0,1.0,1.0,1.0
957,True,False,1,1.0,1.0,0.0
959,True,False,0,1.0,2.0,1.0
960,True,False,1,1.0,1.0,1.0
961,True,True,0,1.0,1.0,1.0
962,True,True,1,1.0,1.0,1.0
963,True,True,0,1.0,1.0,1.0
964,True,False,0,1.0,1.0,1.0
965,False,False,1,1.0,1.0,0.0
966,True,False,1,1.0,2.0,1.0
967,True,True,0,1.0,2.0,1.0
968,True,False,1,1.0,1.0,1.0
969,True,False,0,1.0,1.0,1.0
970,True,False,0,1.0,2.0,1.0
971,True,True,1,1.0,1.0,1.0
972,True,False,1,1.0,1.0,1.0
973,True,True,0,1.0,1.0,1.0
974,True,False,1,1.0,1.0,1.0
975,True,False,0,1.0,1.0,1.0
976,True,False,1,1.0,1.0,1.0
977,True,True,1,1.0,1.0,1.0
979,True,True,0,1.0,1.0,1.0
980,True,False,0,1.0,1.0,0.0
981,True,True,1,1.0,2.0,1.0
982,True,False,1,1.0,1.0,0.0
983,True,True,0,1.0,1.0,0.0
984,False,True,0,1.0,1.0,1.0
985,True,False,0,1.0,1.0,1.0
986,True,True,1,1.0,2.0,1.0
987,False,True,1,1.0,1.0,1.0
988,True,False,0,1.0,1.0,1.0
989,True,False,0,1.0,1.0,1.0
990,True,False,0,1.0,1.0,0.0
991,True,False,0,1.0,1.0,1.0
992,True,True,1,0.0,1.0,1.0
993,True,False,1,1.0,1.0,1.0
994,True,False,0,0.0,1.0,1.0
995,True,True,1,1.0,1.0,0.0
996,True,False,1,1.0,2.0,1.0
997,True,True,1,1.0,1.0,1.0
998,True,False,0,0.0,1.0,0.0
999,True,True,1,1.0,1.0,1.0
1000,True,False,1,1.0,2.0,1.0
1001,True,True,0,1.0,1.0,1.0
1002,False,False,1,0.0,2.0,0.0
1003,True,True,0,0.0,1.0,1.0
1004,True,True,0,1.0,1.0,1.0
1005,True,False,1,0.0,2.0,0.0
1006,True,True,1,1.0,1.0,1.0
1008,True,True,0,1.0,1.0,1.0
1009,True,False,1,1.0,1.0,0.0
1010,False,True,1,1.0,1.0,0.0
1011,True,False,1,1.0,1.0,0.0
1012,True,False,0,1.0,1.0,1.0
1013,True,False,0,1.0,1.0,1.0
1014,True,True,0,1.0,1.0,1.0
1015,True,False,1,1.0,1.0,0.0
1016,True,True,1,1.0,2.0,0.0
1017,True,False,0,1.0,1.0,0.0
1018,True,True,1,1.0,1.0,1.0
1019,True,False,1,1.0,1.0,0.0
1020,True,False,1,0.0,1.0,1.0
1021,True,False,0,1.0,1.0,0.0
1022,True,False,0,1.0,1.0,1.0
1023,True,True,0,0.0,1.0,1.0
1024,True,False,0,0.0,1.0,1.0
1025,True,False,0,1.0,0.0,1.0
1026,True,False,0,0.0,1.0,1.0
1027,True,False,0,0.0,1.0,0.0
1029,True,True,0,1.0,1.0,1.0
1030,True,False,0,1.0,1.0,1.0
1031,True,False,1,1.0,1.0,0.0
1032,True,True,0,1.0,1.0,1.0
1033,False,False,0,1.0,2.0,1.0
1034,True,True,1,1.0,1.0,1.0
1035,True,True,1,1.0,1.0,1.0
1037,True,True,1,1.0,2.0,1.0
1038,True,False,0,1.0,1.0,1.0
1039,True,True,1,1.0,1.0,1.0
1040,True,False,1,1.0,1.0,0.0
1041,True,False,0,1.0,2.0,1.0
1042,True,True,1,0.0,1.0,1.0
1043,True,False,1,1.0,1.0,0.0
1044,True,False,1,1.0,1.0,0.0
1045,True,True,1,1.0,1.0,0.0
1046,True,False,0,1.0,1.0,1.0
1047,True,True,1,1.0,1.0,0.0
1048,True,True,0,1.0,1.0,1.0
1049,True,True,1,1.0,2.0,1.0
1050,True,True,0,1.0,1.0,1.0
1051,True,False,0,1.0,1.0,1.0
1052,True,True,1,1.0,1.0,0.0
1053,True,True,1,1.0,1.0,1.0
1054,True,True,0,1.0,1.0,0.0
1055,True,False,1,1.0,2.0,1.0
1056,True,True,1,1.0,0.0,1.0
1057,True,True,0,1.0,1.0,1.0
1058,True,True,0,1.0,1.0,1.0
1059,True,True,0,1.0,1.0,0.0
1060,False,False,1,0.0,1.0,0.0
1061,True,True,1,1.0,1.0,1.0
1062,True,False,0,1.0,1.0,1.0
1064,True,False,1,1.0,1.0,0.0
1065,True,False,1,1.0,0.0,1.0
1066,True,False,0,1.0,2.0,1.0
1067,True,False,1,0.0,1.0,1.0
1068,False,False,0,1.0,1.0,0.0
1069,True,True,1,0.0,1.0,0.0
1070,True,False,1,1.0,1.0,0.0
1072,True,False,1,1.0,1.0,1.0
1073,True,False,0,1.0,1.0,1.0
1074,True,True,1,1.0,2.0,1.0
1075,False,False,0,1.0,1.0,1.0
1076,True,True,0,0.0,2.0,1.0
1077,True,False,0,1.0,1.0,1.0
1078,True,True,1,0.0,1.0,0.0
1079,True,True,1,1.0,1.0,0.0
1080,True,True,1,1.0,2.0,0.0
1081,True,False,0,1.0,1.0,1.0
1082,True,False,0,1.0,1.0,1.0
1083,True,True,0,1.0,1.0,1.0
1084,True,False,0,1.0,1.0,1.0
1085,True,True,0,1.0,0.0,0.0
1086,True,False,0,1.0,1.0,0.0
1087,True,False,1,1.0,2.0,1.0
1089,True,True,0,1.0,1.0,1.0
1091,True,False,0,1.0,1.0,1.0
1092,True,False,0,1.0,1.0,1.0
1093,True,False,1,1.0,1.0,1.0
1094,True,False,1,1.0,1.0,0.0
1095,True,True,1,0.0,1.0,1.0
1096,True,True,0,1.0,1.0,1.0
1097,True,True,1,1.0,2.0,1.0
1098,True,False,1,1.0,1.0,0.0
1100,True,False,1,1.0,0.0,1.0
1101,True,True,1,1.0,1.0,1.0
1102,False,False,1,0.0,2.0,0.0
1103,True,False,1,1.0,1.0,0.0
1104,True,False,0,1.0,1.0,1.0
1105,True,True,0,1.0,1.0,1.0
1106,True,True,0,0.0,1.0,1.0
1107,True,True,0,1.0,1.0,1.0
1108,True,False,0,1.0,1.0,0.0
1109,True,False,0,1.0,1.0,0.0
1110,False,True,0,0.0,1.0,1.0
1112,True,False,1,1.0,1.0,1.0
1113,True,False,0,1.0,1.0,1.0
1114,True,True,0,1.0,1.0,1.0
1115,True,False,1,1.0,1.0,0.0
1116,True,True,0,1.0,2.0,1.0
1117,True,True,1,1.0,1.0,0.0
1118,True,True,1,1.0,1.0,1.0
1119,True,False,1,1.0,1.0,1.0
1120,True,True,1,1.0,2.0,1.0
1121,True,False,0,1.0,1.0,1.0
1122,True,False,0,1.0,1.0,0.0
1123,True,True,0,1.0,1.0,1.0
1124,True,True,0,1.0,1.0,0.0
1125,True,True,1,1.0,1.0,0.0
1126,True,False,0,1.0,2.0,1.0
1127,True,False,1,1.0,1.0,0.0
1128,True,False,0,1.0,2.0,1.0
1129,True,False,1,1.0,1.0,1.0
1130,False,False,0,1.0,1.0,1.0
1131,True,True,0,1.0,2.0,1.0
1132,True,False,0,1.0,1.0,0.0
1133,True,True,1,1.0,1.0,1.0
1134,True,True,0,1.0,2.0,0.0
1135,True,False,1,1.0,1.0,1.0
1136,False,True,0,1.0,1.0,1.0
1137,True,True,1,1.0,2.0,0.0
1138,True,False,0,1.0,1.0,1.0
1139,True,False,1,1.0,2.0,1.0
1140,True,False,1,1.0,1.0,1.0
1141,True,False,0,1.0,2.0,1.0
1142,True,False,0,1.0,1.0,1.0
1143,True,True,1,1.0,1.0,0.0
1144,True,False,1,1.0,2.0,0.0
1145,True,False,0,1.0,2.0,1.0
1146,True,False,1,1.0,1.0,0.0
1147,False,False,0,1.0,1.0,0.0
1148,True,True,0,1.0,0.0,1.0
1150,True,False,0,1.0,1.0,1.0
1151,True,False,1,1.0,1.0,0.0
1152,True,True,1,1.0,1.0,1.0
1153,True,False,0,1.0,1.0,0.0
1154,True,True,0,1.0,2.0,1.0
1155,True,False,0,1.0,1.0,1.0
1156,False,True,0,1.0,1.0,1.0
1157,True,False,0,1.0,2.0,1.0
1158,True,True,1,1.0,1.0,1.0
1159,True,True,1,1.0,1.0,1.0
1160,True,False,0,0.0,1.0,0.0
1161,False,True,1,1.0,1.0,0.0
1162,True,True,1,1.0,1.0,0.0
1163,True,True,1,1.0,1.0,0.0
1164,True,False,0,1.0,2.0,0.0
1165,True,False,1,1.0,1.0,1.0
1166,True,True,0,1.0,1.0,1.0
1167,True,False,0,1.0,1.0,0.0
1168,True,True,1,1.0,1.0,1.0
1169,True,True,0,1.0,1.0,1.0
1170,True,False,1,1.0,1.0,1.0
1171,True,True,1,0.0,1.0,1.0
1172,True,True,0,1.0,1.0,1.0
1173,False,True,0,1.0,1.0,1.0
1174,True,True,0,1.0,1.0,1.0
1175,True,True,0,1.0,1.0,1.0
1176,True,False,0,1.0,2.0,1.0
1177,True,False,0,1.0,1.0,0.0
1178,True,False,1,1.0,1.0,0.0
1179,True,True,0,1.0,1.0,1.0
1180,True,False,0,1.0,1.0,1.0
1181,True,False,0,1.0,1.0,0.0
1182,False,True,0,1.0,1.0,1.0
1183,True,False,0,1.0,1.0,1.0
1184,True,True,1,1.0,1.0,1.0
1185,True,True,0,1.0,1.0,1.0
1186,True,False,0,1.0,2.0,1.0
1188,True,False,0,0.0,1.0,1.0
1189,True,False,1,1.0,1.0,1.0
1190,True,False,0,1.0,1.0,1.0
1191,True,True,1,1.0,1.0,1.0
1192,True,False,1,1.0,0.0,1.0
1194,True,False,1,1.0,1.0,1.0
1195,True,True,1,1.0,1.0,1.0
1196,True,True,0,1.0,1.0,1.0
1197,True,True,0,0.0,2.0,1.0
1198,True,False,0,1.0,2.0,1.0
1199,True,True,0,1.0,1.0,1.0
1200,True,True,1,1.0,1.0,0.0
1201,True,True,0,1.0,1.0,1.0
1202,True,False,1,0.0,1.0,0.0
1203,True,False,1,1.0,1.0,1.0
1205,True,True,0,1.0,1.0,0.0
1206,True,False,1,1.0,1.0,0.0
1207,True,False,0,1.0,1.0,1.0
1208,True,False,1,1.0,1.0,1.0
1209,False,False,0,1.0,0.0,1.0
1210,True,False,0,1.0,1.0,1.0
1211,True,False,1,0.0,2.0,1.0
1212,True,True,1,1.0,1.0,1.0
1213,True,True,0,1.0,1.0,1.0
1214,True,True,1,0.0,2.0,1.0
1215,True,False,1,1.0,1.0,1.0
1216,True,False,1,0.0,1.0,0.0
1217,True,True,0,1.0,1.0,1.0
1218,True,True,0,1.0,1.0,1.0
1219,True,False,1,1.0,1.0,0.0
1220,True,False,0,1.0,2.0,1.0
1221,True,False,0,1.0,1.0,1.0
1222,True,False,1,1.0,0.0,1.0
1223,True,False,1,1.0,1.0,1.0
1224,True,False,0,1.0,1.0,0.0
1225,True,False,0,1.0,2.0,0.0
1226,True,False,1,1.0,1.0,0.0
1227,True,False,1,1.0,1.0,1.0
1228,True,False,1,1.0,1.0,1.0
1229,True,True,1,0.0,2.0,0.0
1230,True,True,0,1.0,1.0,1.0
1231,True,True,0,1.0,0.0,1.0
1232,True,False,1,1.0,2.0,1.0
1233,True,False,0,1.0,1.0,1.0
1234,True,True,1,1.0,1.0,0.0
1235,True,True,1,1.0,1.0,1.0
1236,True,True,0,1.0,1.0,1.0
1237,True,False,0,1.0,1.0,0.0
1238,False,False,1,1.0,1.0,0.0
1239,True,False,0,0.0,1.0,0.0
1240,True,True,1,1.0,1.0,0.0
1241,True,False,0,1.0,1.0,1.0
1242,True,False,1,0.0,1.0,1.0
1244,True,False,0,1.0,1.0,1.0
1245,True,False,1,1.0,2.0,1.0
1246,True,True,0,1.0,1.0,1.0
1248,True,False,1,1.0,1.0,1.0
1249,True,True,0,1.0,1.0,1.0
1250,True,False,1,1.0,1.0,1.0
1251,True,False,0,1.0,1.0,0.0
1252,True,False,1,1.0,2.0,0.0
1253,False,False,0,0.0,1.0,0.0
1254,True,True,0,1.0,1.0,1.0
1255,True,True,1,1.0,1.0,1.0
1256,True,True,1,1.0,1.0,1.0
1257,True,False,1,1.0,1.0,1.0
1258,True,False,0,1.0,1.0,1.0
1259,True,False,1,1.0,2.0,1.0
1260,True,True,1,1.0,0.0,1.0
1261,True,True,0,0.0,1.0,0.0
1262,True,False,0,1.0,1.0,0.0
1263,True,False,0,1.0,1.0,1.0
1264,True,False,0,1.0,1.0,1.0
1265,True,False,1,1.0,2.0,1.0
1266,True,False,0,1.0,0.0,1.0
1267,True,True,0,1.0,1.0,0.0
1268,True,False,0,1.0,1.0,1.0
1269,True,True,0,0.0,2.0,1.0
1270,True,False,0,1.0,1.0,1.0
1271,True,False,0,1.0,1.0,1.0
1272,True,True,0,1.0,1.0,0.0
1273,True,False,1,1.0,1.0,1.0
1274,True,False,1,1.0,2.0,1.0
1275,True,True,0,1.0,2.0,1.0
1276,True,False,0,1.0,1.0,1.0
1277,True,False,1,1.0,1.0,1.0
1278,True,False,0,1.0,1.0,1.0
1279,True,False,1,1.0,1.0,0.0
1280,True,False,0,1.0,2.0,1.0
1281,True,False,0,1.0,2.0,1.0
1282,True,True,0,1.0,1.0,1.0
1283,True,False,0,1.0,1.0,1.0
1284,True,True,1,1.0,1.0,1.0
1285,True,False,1,1.0,1.0,1.0
1286,True,True,0,1.0,2.0,0.0
1287,True,False,1,1.0,1.0,1.0
1288,True,True,0,1.0,2.0,1.0
1289,True,True,1,1.0,2.0,1.0
1290,False,False,0,1.0,1.0,1.0
1291,False,False,0,1.0,1.0,1.0
1292,True,True,0,1.0,1.0,1.0
1293,True,True,1,1.0,2.0,1.0
1294,True,True,1,1.0,1.0,1.0
1295,True,True,0,1.0,0.0,1.0
1296,True,True,1,1.0,1.0,0.0
1297,True,True,1,1.0,1.0,1.0
1298,True,False,1,1.0,1.0,1.0
1299,True,False,0,1.0,1.0,0.0
1300,True,False,0,1.0,1.0,0.0
1301,True,True,1,0.0,1.0,1.0
1302,True,True,0,1.0,1.0,1.0
1303,True,False,1,1.0,1.0,0.0
1304,False,True,0,1.0,1.0,1.0
1305,True,True,0,1.0,1.0,1.0
1306,True,True,0,1.0,0.0,1.0
1307,True,False,1,1.0,1.0,1.0
1308,True,False,1,1.0,1.0,1.0
1309,True,True,1,1.0,1.0,1.0
1311,True,True,0,1.0,1.0,1.0
1312,True,False,0,0.0,1.0,0.0
1313,True,True,0,0.0,1.0,1.0
1314,True,True,0,1.0,1.0,0.0
1315,True,True,0,1.0,1.0,1.0
1316,True,False,0,1.0,1.0,0.0
1317,True,False,0,1.0,1.0,1.0
1318,True,False,1,1.0,1.0,1.0
1319,True,False,1,1.0,1.0,1.0
1320,True,False,1,1.0,1.0,1.0
1321,True,True,1,1.0,1.0,1.0
1323,True,True,1,1.0,1.0,0.0
1324,True,False,1,1.0,1.0,1.0
1325,True,False,0,1.0,1.0,1.0
1326,True,False,1,1.0,1.0,1.0
1327,True,True,1,1.0,1.0,0.0
1330,True,False,0,1.0,1.0,0.0
1331,True,True,1,1.0,1.0,1.0
1332,False,True,0,1.0,1.0,0.0
1333,True,True,0,1.0,2.0,1.0
1334,True,False,1,1.0,1.0,1.0
1335,True,True,0,1.0,1.0,1.0
1336,True,False,1,1.0,1.0,1.0
1337,True,False,0,1.0,1.0,0.0
1338,True,False,0,0.0,1.0,1.0
1339,True,True,0,1.0,1.0,1.0
1340,True,False,0,1.0,1.0,1.0
1342,True,False,0,1.0,1.0,1.0
1343,True,False,0,0.0,1.0,1.0
1344,True,True,0,0.0,0.0,1.0
1345,True,True,0,1.0,1.0,1.0
1346,True,True,1,1.0,1.0,1.0
1347,True,True,0,1.0,1.0,0.0
1348,True,True,1,1.0,1.0,1.0
1349,True,False,0,1.0,1.0,1.0
1350,True,False,1,1.0,2.0,0.0
1351,True,True,0,1.0,1.0,1.0
1352,True,False,1,1.0,2.0,1.0
1353,True,True,1,0.0,2.0,1.0
1354,True,True,1,1.0,1.0,0.0
1355,True,True,1,1.0,1.0,1.0
1356,True,True,0,0.0,1.0,0.0
1357,True,False,1,1.0,1.0,1.0
1358,True,False,1,1.0,1.0,1.0
1359,True,False,0,1.0,1.0,1.0
1361,True,False,0,1.0,1.0,1.0
1362,True,False,1,1.0,2.0,1.0
1363,False,False,1,1.0,1.0,1.0
1364,True,False,1,1.0,1.0,0.0
1365,True,True,0,1.0,1.0,1.0
1366,True,True,0,1.0,1.0,1.0
1367,True,True,0,1.0,1.0,1.0
1368,True,False,0,1.0,2.0,1.0
1369,True,False,0,1.0,1.0,1.0
1370,False,True,0,1.0,1.0,0.0
1372,True,False,0,1.0,1.0,1.0
1373,True,False,0,1.0,1.0,0.0
1374,True,True,1,1.0,1.0,1.0
1375,True,False,1,1.0,1.0,1.0
1376,True,False,0,1.0,1.0,1.0
1377,True,False,0,1.0,1.0,0.0
1378,True,False,0,1.0,2.0,1.0
1379,True,False,1,1.0,1.0,1.0
1380,True,True,1,1.0,1.0,0.0
1381,True,False,1,1.0,2.0,1.0
1382,True,False,0,1.0,1.0,1.0
1383,False,False,0,1.0,2.0,0.0
1385,True,False,1,1.0,1.0,1.0
1386,True,True,1,1.0,1.0,1.0
1388,True,True,0,1.0,1.0,1.0
1389,True,False,1,1.0,1.0,1.0
1390,False,False,1,1.0,1.0,0.0
1391,False,True,0,0.0,0.0,1.0
1392,True,False,0,1.0,1.0,1.0
1393,True,True,1,0.0,2.0,0.0
1394,True,True,1,0.0,1.0,0.0
1395,True,True,0,1.0,1.0,0.0
1396,True,True,1,0.0,1.0,0.0
1397,False,True,1,1.0,1.0,0.0
1398,True,False,1,1.0,1.0,1.0
1399,True,False,1,1.0,1.0,0.0
1400,True,False,0,1.0,1.0,1.0
1401,True,False,1,1.0,1.0,0.0
1402,True,True,0,0.0,1.0,1.0
1403,True,False,0,1.0,1.0,1.0
1407,True,False,1,1.0,1.0,0.0
1408,True,False,0,1.0,1.0,1.0
1409,True,True,1,1.0,1.0,0.0
1410,True,False,0,0.0,1.0,0.0
1411,True,True,1,0.0,2.0,1.0
1412,True,True,1,1.0,1.0,0.0
1413,True,False,1,1.0,1.0,0.0
1414,True,True,0,0.0,2.0,1.0
1415,True,False,0,1.0,2.0,1.0
1416,True,False,0,1.0,1.0,1.0
1417,True,False,1,1.0,2.0,1.0
1418,True,False,0,1.0,1.0,1.0
1419,True,True,1,1.0,1.0,0.0
1420,True,True,0,1.0,1.0,1.0
1421,True,False,0,1.0,1.0,0.0
1422,True,False,1,1.0,1.0,0.0
1423,True,False,1,1.0,1.0,1.0
1424,True,False,1,1.0,1.0,0.0
1425,True,True,0,1.0,1.0,0.0
1426,True,False,0,1.0,1.0,1.0
1427,True,True,0,1.0,1.0,1.0
1428,True,True,1,1.0,1.0,0.0
1429,True,True,0,1.0,1.0,1.0
1430,False,False,1,0.0,1.0,0.0
1431,True,False,1,1.0,1.0,1.0
1432,True,False,1,1.0,1.0,0.0
1433,True,True,0,1.0,1.0,0.0
1434,True,False,0,1.0,1.0,1.0
1435,True,True,1,0.0,1.0,1.0
1436,True,False,0,1.0,2.0,1.0
1437,True,False,0,1.0,1.0,1.0
1438,True,False,1,1.0,1.0,1.0
1439,True,True,1,1.0,1.0,1.0
1440,True,False,0,1.0,1.0,1.0
1441,True,True,0,1.0,1.0,1.0
1442,True,True,0,1.0,1.0,1.0
1443,True,False,1,1.0,1.0,1.0
1444,True,False,1,1.0,1.0,1.0
1445,True,False,1,1.0,1.0,0.0
1446,True,False,0,1.0,1.0,1.0
1447,True,False,0,1.0,2.0,1.0
1448,True,True,1,1.0,1.0,0.0
1449,True,False,0,1.0,1.0,1.0
1450,True,False,1,1.0,1.0,0.0
1451,True,False,1,1.0,1.0,1.0
1452,True,True,1,1.0,1.0,1.0
1453,True,False,0,1.0,1.0,1.0
1454,True,False,1,1.0,1.0,1.0
1455,True,False,0,1.0,1.0,1.0
1456,True,False,1,1.0,2.0,1.0
1457,True,False,0,1.0,1.0,1.0
1459,True,False,0,1.0,1.0,1.0
1460,True,True,0,1.0,1.0,1.0
1461,True,True,0,1.0,1.0,1.0
1462,True,False,0,1.0,1.0,1.0
1463,True,False,0,1.0,1.0,0.0
1464,True,True,0,1.0,1.0,1.0
1465,True,True,0,0.0,1.0,0.0
1466,True,False,1,1.0,1.0,0.0
1467,True,False,0,1.0,1.0,1.0
1468,True,False,1,1.0,1.0,1.0
1469,True,False,1,0.0,1.0,1.0
1470,True,False,1,1.0,1.0,1.0
1471,True,True,0,1.0,1.0,1.0
1472,True,True,0,1.0,0.0,1.0
1473,True,True,0,1.0,1.0,1.0
1475,True,True,0,1.0,1.0,0.0
1476,True,False,1,1.0,1.0,1.0
1478,True,False,0,1.0,1.0,1.0
1479,True,False,0,1.0,1.0,1.0
1480,True,True,0,1.0,1.0,1.0
1481,True,False,1,0.0,1.0,1.0
1483,True,True,1,1.0,1.0,1.0
1484,True,True,0,1.0,1.0,1.0
1485,True,True,0,1.0,0.0,1.0
1486,True,False,0,1.0,1.0,0.0
1487,True,True,1,1.0,1.0,1.0
1488,True,True,0,1.0,1.0,0.0
1489,True,False,0,1.0,1.0,1.0
1490,True,False,1,1.0,1.0,1.0
1491,True,True,1,1.0,2.0,1.0
1492,True,False,1,1.0,1.0,1.0
1493,True,False,1,0.0,1.0,1.0
1494,True,False,1,1.0,1.0,0.0
1495,True,False,0,1.0,1.0,1.0
1496,True,False,0,1.0,1.0,1.0
1497,True,True,1,1.0,1.0,1.0
1498,True,True,1,1.0,1.0,1.0
1499,True,True,1,1.0,1.0,0.0
1501,True,True,1,1.0,1.0,1.0
1502,True,False,0,1.0,1.0,0.0
1503,True,False,0,1.0,1.0,0.0
1504,True,False,0,1.0,2.0,1.0
1505,False,False,0,1.0,1.0,0.0
1506,True,True,1,1.0,1.0,0.0
1507,False,True,0,1.0,1.0,0.0
1508,True,True,1,1.0,1.0,1.0
1509,True,True,0,1.0,1.0,1.0
1510,True,True,1,1.0,1.0,1.0
1511,True,False,1,1.0,1.0,0.0
1512,True,False,0,1.0,2.0,1.0
1513,True,True,0,1.0,1.0,1.0
1514,True,False,0,1.0,1.0,1.0
1515,True,False,1,1.0,0.0,0.0
1516,True,False,1,1.0,1.0,0.0
1517,True,False,1,1.0,1.0,0.0
1518,True,True,0,1.0,1.0,1.0
1519,True,True,0,1.0,1.0,1.0
1520,True,True,1,1.0,1.0,1.0
1521,True,False,0,1.0,1.0,0.0
1522,True,True,0,0.0,1.0,1.0
1523,True,True,0,0.0,1.0,1.0
1524,True,False,0,1.0,1.0,1.0
1525,True,False,0,1.0,1.0,1.0
1526,True,False,0,1.0,1.0,0.0
1527,True,False,1,0.0,0.0,1.0
1528,True,True,1,1.0,1.0,1.0
1529,True,False,0,1.0,1.0,0.0
1530,True,True,0,0.0,1.0,1.0
1531,True,False,0,1.0,1.0,1.0
1532,True,True,0,1.0,1.0,1.0
1533,True,True,1,1.0,1.0,1.0
1534,True,False,0,1.0,1.0,0.0
1535,True,False,0,1.0,2.0,1.0
1536,True,False,0,1.0,1.0,0.0
1537,True,False,1,1.0,1.0,1.0
1538,True,False,0,1.0,1.0,1.0
1539,True,True,1,0.0,1.0,1.0
1540,True,False,0,1.0,1.0,1.0
1541,True,False,0,1.0,1.0,1.0
1542,True,True,0,1.0,2.0,1.0
1543,True,False,0,1.0,1.0,1.0
1544,True,True,0,1.0,1.0,1.0
1545,True,False,1,1.0,1.0,0.0
1546,True,False,0,1.0,1.0,1.0
1547,True,True,1,0.0,1.0,1.0
1548,True,True,1,0.0,1.0,1.0
1549,True,False,0,1.0,1.0,1.0
1550,True,False,0,1.0,2.0,1.0
1551,True,False,0,1.0,1.0,1.0
1552,False,True,1,1.0,1.0,0.0
1554,True,False,1,0.0,1.0,1.0
1555,True,False,1,1.0,1.0,1.0
1557,True,False,1,1.0,2.0,1.0
1558,True,False,0,1.0,1.0,1.0
1559,True,True,1,1.0,2.0,0.0
1560,True,False,0,1.0,2.0,1.0
1561,True,False,1,1.0,1.0,1.0
1562,True,True,1,1.0,1.0,1.0
1563,True,False,0,1.0,1.0,0.0
1564,True,False,1,1.0,1.0,1.0
1565,True,False,1,1.0,1.0,0.0
1566,True,False,0,1.0,1.0,1.0
1567,True,False,0,1.0,1.0,0.0
1568,True,False,1,1.0,1.0,0.0
1569,True,False,0,1.0,1.0,1.0
1570,True,True,0,1.0,1.0,1.0
1571,True,False,0,1.0,2.0,0.0
1572,True,False,0,1.0,1.0,0.0
1573,True,True,0,1.0,1.0,0.0
1574,True,False,1,1.0,1.0,0.0
1575,True,False,1,1.0,1.0,0.0
1576,True,True,0,1.0,2.0,1.0
1577,True,True,1,1.0,1.0,1.0
1578,True,False,1,1.0,1.0,1.0
1579,True,False,0,1.0,1.0,1.0
1580,True,True,0,1.0,1.0,0.0
1581,True,False,0,1.0,1.0,1.0
1582,True,False,1,0.0,1.0,1.0
1583,True,True,0,1.0,1.0,1.0
1585,True,True,0,1.0,1.0,1.0
1586,True,False,0,1.0,1.0,1.0
1587,True,True,1,1.0,1.0,1.0
1588,True,False,0,1.0,1.0,1.0
1589,True,False,0,1.0,1.0,1.0
1590,True,True,1,0.0,1.0,1.0
1591,True,True,0,1.0,1.0,0.0
1592,True,True,1,1.0,1.0,1.0
1593,True,True,0,1.0,1.0,0.0
1594,True,False,1,1.0,1.0,0.0
1595,True,True,0,0.0,1.0,0.0
1596,True,True,1,1.0,1.0,1.0
1597,True,False,1,1.0,1.0,0.0
1598,True,False,0,1.0,1.0,0.0
1599,True,True,1,1.0,1.0,1.0
1600,True,False,0,1.0,2.0,1.0
1601,True,False,1,1.0,1.0,1.0
1602,True,False,1,1.0,1.0,1.0
1603,True,False,0,1.0,1.0,1.0
1604,True,False,0,1.0,2.0,1.0
1605,True,False,0,1.0,1.0,1.0
1607,True,True,0,1.0,1.0,0.0
1608,True,False,0,1.0,1.0,0.0
1609,True,False,1,1.0,1.0,0.0
1610,True,False,1,1.0,1.0,0.0
1611,True,False,1,1.0,1.0,1.0
1612,True,False,1,1.0,1.0,0.0
1613,True,True,1,1.0,1.0,1.0
1614,True,False,1,1.0,1.0,1.0
1615,True,True,0,1.0,1.0,1.0
1616,True,True,1,1.0,2.0,1.0
1617,True,False,0,1.0,1.0,1.0
1619,True,True,1,0.0,1.0,1.0
1620,True,True,1,1.0,1.0,1.0
1623,True,False,1,1.0,1.0,0.0
1624,True,True,0,0.0,1.0,0.0
1625,True,True,0,1.0,1.0,1.0
1626,True,True,0,1.0,1.0,0.0
1627,True,False,1,1.0,1.0,1.0
1628,True,True,0,1.0,1.0,1.0
1629,True,False,1,0.0,1.0,0.0
1630,True,True,0,0.0,2.0,0.0
1631,True,True,1,1.0,1.0,1.0
1632,True,False,1,1.0,1.0,1.0
1633,True,False,1,1.0,1.0,1.0
1634,True,True,0,1.0,1.0,1.0
1635,True,True,0,1.0,2.0,1.0
1636,True,False,0,0.0,1.0,1.0
1637,True,False,1,1.0,1.0,1.0
1638,True,True,0,1.0,1.0,1.0
1639,True,True,1,1.0,2.0,0.0
1640,True,False,0,1.0,1.0,0.0
1641,True,False,0,1.0,1.0,1.0
1642,True,True,1,1.0,1.0,1.0
1643,True,False,0,1.0,1.0,1.0
1644,True,True,0,0.0,1.0,0.0
1645,True,False,0,0.0,1.0,1.0
1646,True,False,0,0.0,1.0,1.0
1649,True,True,1,1.0,2.0,1.0
1650,True,True,0,0.0,1.0,1.0
1651,True,True,0,1.0,2.0,0.0
1652,True,False,1,0.0,1.0,0.0
1654,True,False,0,1.0,1.0,1.0
1655,True,True,0,1.0,1.0,1.0
1656,True,True,0,1.0,1.0,1.0
1657,True,True,1,1.0,1.0,1.0
1658,True,False,1,1.0,1.0,0.0
1659,True,True,0,1.0,1.0,1.0
1660,True,True,1,1.0,1.0,0.0
1661,False,True,1,1.0,1.0,0.0
1662,False,True,1,1.0,1.0,1.0
1663,True,False,1,1.0,1.0,1.0
1664,True,True,0,1.0,1.0,0.0
1665,True,False,0,1.0,1.0,1.0
1666,True,False,0,1.0,1.0,1.0
1667,False,True,0,1.0,1.0,1.0
1668,True,False,0,1.0,1.0,1.0
1669,True,False,0,1.0,1.0,1.0
1670,True,False,1,1.0,1.0,1.0
1671,True,True,0,0.0,1.0,1.0
1672,True,False,0,0.0,1.0,0.0
1673,True,True,0,1.0,1.0,1.0
1674,True,False,1,1.0,1.0,0.0
1675,True,False,0,1.0,1.0,1.0
1676,True,False,0,1.0,1.0,1.0
1677,True,True,0,1.0,1.0,1.0
1678,True,True,0,1.0,1.0,1.0
1679,True,False,0,1.0,2.0,0.0
1680,True,True,0,1.0,1.0,1.0
1681,True,False,0,1.0,1.0,1.0
1682,True,True,0,1.0,2.0,1.0
1683,True,False,1,1.0,1.0,0.0
1684,True,False,0,0.0,1.0,1.0
1685,True,True,0,1.0,1.0,0.0
1686,True,False,0,1.0,1.0,1.0
1688,True,False,0,1.0,1.0,1.0
1689,True,False,0,1.0,1.0,1.0
1690,True,False,0,1.0,1.0,1.0
1691,True,False,1,1.0,1.0,0.0
1692,True,False,1,1.0,1.0,0.0
1693,True,False,0,1.0,1.0,1.0
1694,True,False,1,1.0,1.0,0.0
1695,True,False,1,1.0,1.0,0.0
1696,True,False,0,1.0,1.0,0.0
1697,True,True,0,1.0,1.0,0.0
1698,True,True,0,1.0,1.0,1.0
1699,True,True,0,1.0,1.0,1.0
1700,True,False,1,1.0,1.0,0.0
1701,True,False,0,1.0,1.0,1.0
1702,True,True,0,1.0,1.0,1.0
1703,True,True,0,1.0,1.0,1.0
1704,True,False,1,0.0,1.0,1.0
1705,True,False,0,0.0,1.0,1.0
1706,True,True,1,1.0,1.0,1.0
1707,True,False,1,1.0,1.0,1.0
1708,True,True,1,0.0,1.0,1.0
1709,True,False,1,1.0,1.0,1.0
1710,True,False,0,1.0,1.0,1.0
1711,True,False,0,1.0,2.0,1.0
1712,True,True,1,1.0,1.0,1.0
1713,True,True,1,0.0,1.0,0.0
1714,True,False,1,1.0,1.0,0.0
1715,True,False,1,1.0,2.0,1.0
1716,True,False,1,1.0,1.0,1.0
1717,True,False,0,1.0,1.0,1.0
1718,True,False,1,1.0,1.0,1.0
1719,True,False,0,1.0,1.0,1.0
1720,False,True,1,1.0,1.0,1.0
1721,True,True,1,1.0,1.0,1.0
1722,True,False,1,1.0,1.0,0.0
1723,True,False,1,1.0,1.0,1.0
1724,True,True,0,1.0,2.0,1.0
1725,True,False,1,1.0,1.0,1.0
1726,True,False,0,1.0,1.0,0.0
1727,True,False,0,1.0,1.0,1.0
1728,True,False,1,1.0,1.0,0.0
1729,True,True,0,1.0,1.0,1.0
1730,True,False,0,0.0,1.0,1.0
1731,True,True,0,0.0,1.0,1.0
1732,True,True,0,1.0,1.0,0.0
1733,True,True,1,1.0,1.0,1.0
1734,False,False,0,1.0,1.0,1.0
1735,True,False,1,1.0,1.0,1.0
1736,False,False,1,0.0,1.0,0.0
1738,True,False,1,1.0,2.0,1.0
1739,True,False,1,1.0,2.0,1.0
1740,True,False,0,1.0,0.0,0.0
1741,True,False,0,1.0,1.0,1.0
1742,True,False,1,1.0,1.0,1.0
1743,True,True,0,1.0,1.0,1.0
1744,True,False,1,1.0,1.0,0.0
1745,True,True,0,1.0,1.0,1.0
1746,True,False,1,1.0,1.0,0.0
1747,True,False,1,1.0,1.0,1.0
1748,True,False,0,1.0,2.0,1.0
1749,True,False,0,1.0,1.0,1.0
1750,True,False,1,1.0,1.0,0.0
1751,True,False,1,1.0,1.0,1.0
1752,True,False,0,1.0,1.0,1.0
1753,True,True,0,1.0,1.0,1.0
1755,True,True,1,0.0,1.0,1.0
1756,True,False,0,1.0,1.0,1.0
1757,True,True,1,1.0,1.0,1.0
1758,True,True,1,0.0,1.0,1.0
1759,True,False,1,1.0,1.0,1.0
1760,True,False,0,1.0,1.0,1.0
1761,True,False,1,0.0,1.0,0.0
1762,True,False,0,1.0,2.0,1.0
1764,True,True,1,1.0,1.0,0.0
1765,True,False,1,1.0,1.0,1.0
1767,False,True,0,0.0,1.0,0.0
1768,True,True,1,1.0,1.0,1.0
1769,False,False,1,1.0,1.0,0.0
1770,True,False,0,1.0,1.0,1.0
1771,True,False,0,1.0,2.0,1.0
1772,True,False,1,1.0,1.0,1.0
1773,True,True,0,1.0,1.0,1.0
1774,True,True,0,1.0,2.0,1.0
1775,True,True,0,1.0,1.0,0.0
1776,True,False,1,0.0,1.0,0.0
1778,True,False,1,1.0,1.0,1.0
1779,True,True,0,1.0,1.0,1.0
1780,True,False,0,1.0,1.0,1.0
1781,True,False,0,0.0,1.0,1.0
1782,True,False,1,0.0,1.0,0.0
1783,True,False,1,1.0,1.0,1.0
1786,True,True,0,1.0,1.0,0.0
1787,True,True,1,1.0,1.0,0.0
1788,True,True,0,1.0,1.0,1.0
1789,True,False,1,0.0,1.0,0.0
1790,True,False,1,1.0,1.0,1.0
1791,True,False,1,1.0,1.0,1.0
1792,True,True,1,1.0,1.0,1.0
1793,True,True,1,1.0,1.0,1.0
1794,True,True,0,1.0,1.0,1.0
1795,True,False,1,1.0,1.0,0.0
1796,True,True,0,1.0,1.0,1.0
1797,True,True,0,1.0,1.0,1.0
1798,True,True,1,1.0,2.0,0.0
1799,True,False,1,1.0,1.0,1.0
1800,True,True,1,1.0,1.0,1.0
1801,True,False,0,1.0,1.0,1.0
1802,True,True,1,1.0,1.0,1.0
1803,True,True,1,1.0,1.0,0.0
1804,False,False,0,1.0,1.0,1.0
1805,True,False,0,1.0,1.0,1.0
1806,True,True,0,1.0,1.0,0.0
1807,True,True,1,1.0,2.0,1.0
1808,True,True,1,1.0,1.0,1.0
1809,True,False,1,1.0,1.0,1.0
1810,True,False,1,0.0,1.0,1.0
1811,True,True,0,1.0,1.0,1.0
1812,True,False,1,1.0,1.0,1.0
1813,True,True,1,1.0,1.0,1.0
1814,True,True,0,1.0,1.0,1.0
1815,True,True,1,1.0,2.0,1.0
1816,True,False,0,1.0,1.0,0.0
1817,True,True,1,1.0,1.0,1.0
1818,True,True,1,1.0,1.0,1.0
1819,True,True,0,1.0,1.0,0.0
1820,True,False,1,1.0,1.0,1.0
1821,True,False,0,0.0,2.0,1.0
1822,True,False,0,0.0,1.0,0.0
1823,False,True,0,1.0,1.0,1.0
1824,True,True,0,1.0,1.0,0.0
1825,True,False,0,1.0,1.0,1.0
1826,True,False,0,1.0,1.0,1.0
1827,True,False,1,1.0,1.0,0.0
1828,True,False,1,1.0,1.0,1.0
1829,True,True,1,1.0,1.0,1.0
1831,True,False,0,0.0,2.0,0.0
1832,True,True,0,1.0,0.0,1.0
1833,True,False,1,1.0,1.0,1.0
1834,True,False,1,1.0,1.0,1.0
1835,True,True,0,0.0,1.0,1.0
1836,True,False,0,1.0,1.0,0.0
1837,True,False,0,1.0,1.0,1.0
1838,True,False,0,1.0,1.0,1.0
1839,True,True,0,0.0,1.0,1.0
1840,True,False,1,1.0,1.0,0.0
1842,True,False,1,1.0,2.0,1.0
1843,True,False,1,1.0,1.0,1.0
1844,True,False,1,0.0,0.0,0.0
1845,True,False,0,1.0,2.0,1.0
1846,True,False,0,1.0,1.0,1.0
1847,True,True,0,1.0,1.0,1.0
1848,True,False,1,1.0,1.0,1.0
1849,True,True,0,1.0,1.0,0.0
1850,True,False,0,1.0,1.0,0.0
1851,False,False,0,1.0,1.0,1.0
1852,True,False,1,1.0,1.0,1.0
1853,True,False,0,1.0,1.0,0.0
1854,True,False,1,0.0,2.0,1.0
1855,True,False,0,1.0,1.0,1.0
1857,True,False,1,1.0,1.0,1.0
1858,True,False,0,1.0,1.0,1.0
1859,False,False,0,1.0,1.0,1.0
1860,False,False,1,1.0,1.0,1.0
1861,True,True,1,1.0,1.0,1.0
1862,True,False,0,1.0,1.0,0.0
1864,True,True,0,1.0,1.0,1.0
1865,True,True,0,1.0,1.0,1.0
1866,True,True,1,1.0,1.0,0.0
1867,True,True,0,1.0,1.0,1.0
1868,True,False,0,1.0,1.0,1.0
1869,True,False,1,1.0,1.0,1.0
1870,True,True,0,1.0,2.0,0.0
1871,True,True,0,1.0,1.0,1.0
1872,True,False,0,1.0,1.0,1.0
1873,True,False,0,0.0,1.0,0.0
1874,True,False,0,0.0,1.0,0.0
1875,True,False,0,1.0,1.0,1.0
1876,True,False,1,1.0,1.0,1.0
1878,True,True,1,1.0,1.0,1.0
1879,True,False,1,1.0,1.0,1.0
1880,True,False,0,1.0,1.0,1.0
1881,True,False,0,1.0,1.0,1.0
1882,False,False,1,1.0,1.0,1.0
1883,True,True,0,1.0,1.0,1.0
1884,True,True,1,0.0,1.0,1.0
1885,True,True,1,1.0,1.0,0.0
1886,True,False,0,1.0,0.0,0.0
1887,True,False,0,1.0,1.0,1.0
1888,True,False,0,0.0,2.0,1.0
1889,True,False,0,1.0,1.0,0.0
1890,True,True,1,1.0,2.0,0.0
1891,True,True,1,1.0,0.0,1.0
1892,True,True,0,1.0,1.0,1.0
1893,True,True,0,1.0,1.0,1.0
1894,True,False,1,1.0,1.0,1.0
1895,True,True,0,1.0,1.0,1.0
1896,True,False,0,1.0,1.0,0.0
1897,True,False,0,1.0,1.0,1.0
1898,True,False,1,1.0,1.0,0.0
1899,True,True,0,1.0,1.0,1.0
1900,True,False,1,1.0,1.0,1.0
1901,True,False,0,1.0,1.0,1.0
1902,True,False,0,1.0,1.0,1.0
1903,True,False,0,0.0,1.0,0.0
1904,True,False,1,1.0,1.0,1.0
1905,True,False,0,1.0,1.0,1.0
1906,True,False,1,0.0,1.0,1.0
1907,True,True,0,1.0,1.0,1.0
1908,True,False,0,1.0,2.0,1.0
1909,True,True,0,1.0,1.0,1.0
1910,True,True,1,1.0,1.0,1.0
1911,True,False,1,1.0,1.0,1.0
1912,True,False,0,1.0,1.0,1.0
1913,True,True,0,1.0,1.0,1.0
1914,True,False,0,1.0,1.0,0.0
1915,True,True,0,0.0,2.0,0.0
1916,True,False,1,1.0,1.0,1.0
1917,True,False,0,1.0,1.0,1.0
1918,True,True,1,1.0,1.0,1.0
1919,True,True,0,1.0,1.0,1.0
1920,True,False,1,1.0,1.0,0.0
1921,True,False,0,1.0,1.0,1.0
1922,True,False,1,1.0,1.0,0.0
1923,True,False,1,1.0,1.0,0.0
1924,True,True,0,1.0,1.0,0.0
1926,False,False,0,1.0,1.0,1.0
1928,True,False,0,1.0,1.0,1.0
1929,False,False,0,1.0,1.0,1.0
1931,True,True,0,0.0,2.0,1.0
1932,True,False,0,1.0,1.0,0.0
1933,True,False,0,1.0,1.0,1.0
1934,True,False,1,1.0,1.0,0.0
1935,True,True,1,1.0,1.0,1.0
1936,True,False,1,1.0,1.0,1.0
1937,True,False,1,1.0,0.0,0.0
1938,True,True,1,1.0,2.0,0.0
1939,True,False,1,0.0,1.0,0.0
1940,True,False,1,1.0,1.0,1.0
1941,True,False,0,1.0,1.0,1.0
1942,True,False,1,0.0,1.0,0.0
1943,True,True,1,1.0,1.0,1.0
1944,True,False,0,1.0,1.0,1.0
1945,True,False,0,1.0,1.0,1.0
1946,True,True,0,1.0,2.0,1.0
1947,False,True,0,1.0,1.0,1.0
1948,True,True,1,1.0,1.0,0.0
1949,True,True,0,1.0,1.0,1.0
1950,True,False,0,1.0,1.0,0.0
1951,True,True,0,1.0,1.0,1.0
1952,True,True,0,1.0,1.0,1.0
1953,True,False,0,1.0,1.0,1.0
1954,True,True,1,1.0,1.0,0.0
1955,True,True,0,1.0,1.0,1.0
1956,True,False,1,1.0,1.0,1.0
1958,True,True,0,1.0,0.0,1.0
1959,True,False,0,1.0,1.0,0.0
1960,True,True,0,1.0,2.0,1.0
1961,True,False,0,1.0,1.0,1.0
1962,True,False,0,0.0,1.0,1.0
1963,True,False,1,1.0,1.0,1.0
1964,True,False,0,1.0,1.0,1.0
1966,True,True,0,1.0,1.0,1.0
1967,True,True,1,1.0,1.0,1.0
1968,True,False,1,1.0,1.0,1.0
1969,False,False,0,1.0,1.0,0.0
1970,True,True,0,1.0,1.0,1.0
1971,True,False,1,1.0,1.0,0.0
1972,True,True,0,1.0,1.0,1.0
1973,True,False,0,1.0,1.0,0.0
1974,True,True,0,1.0,1.0,1.0
1975,True,True,0,1.0,1.0,0.0
1976,True,True,1,1.0,1.0,0.0
1977,True,False,1,0.0,1.0,1.0
1978,True,False,1,1.0,0.0,1.0
1979,True,False,0,0.0,1.0,1.0
1980,True,True,1,1.0,1.0,1.0
1981,True,True,0,1.0,2.0,1.0
1982,True,False,1,1.0,1.0,1.0
1983,True,False,0,1.0,1.0,1.0
1984,True,False,0,0.0,1.0,1.0
1985,True,True,1,1.0,1.0,1.0
1986,True,False,0,1.0,1.0,0.0
1988,True,False,1,1.0,1.0,0.0
1989,True,False,1,1.0,1.0,1.0
1990,True,False,0,1.0,1.0,1.0
1993,True,False,0,1.0,1.0,0.0
1994,True,True,0,1.0,1.0,1.0
1995,True,False,0,1.0,1.0,1.0
1996,True,False,0,1.0,1.0,1.0
1997,True,False,1,1.0,1.0,0.0
1998,True,True,0,0.0,1.0,0.0
1999,True,True,0,1.0,1.0,1.0
2000,True,False,1,1.0,2.0,1.0
2001,True,False,1,1.0,1.0,0.0
2002,True,False,1,1.0,1.0,0.0
2003,True,True,1,1.0,1.0,1.0
2004,True,True,1,1.0,2.0,0.0
2005,True,False,1,1.0,1.0,1.0
2006,True,True,1,1.0,2.0,1.0
2007,True,False,0,1.0,2.0,0.0
2008,True,True,0,1.0,2.0,0.0
2009,True,False,0,1.0,1.0,0.0
2011,True,False,0,1.0,1.0,1.0
2012,True,False,0,1.0,1.0,1.0
2014,True,False,0,1.0,1.0,0.0
2015,True,True,0,1.0,1.0,0.0
2016,True,False,1,1.0,1.0,0.0
2017,True,True,0,0.0,1.0,0.0
2018,True,True,0,1.0,1.0,1.0
2019,True,False,0,1.0,1.0,1.0
2020,True,False,0,1.0,1.0,1.0
2021,True,False,1,1.0,1.0,1.0
2022,True,False,0,1.0,1.0,1.0
2023,True,False,0,1.0,1.0,1.0
2024,False,False,1,1.0,2.0,0.0
2025,False,True,0,1.0,2.0,0.0
2026,True,False,0,1.0,1.0,1.0
2028,True,False,0,0.0,1.0,0.0
2029,True,True,0,1.0,2.0,1.0
2031,True,False,0,1.0,1.0,1.0
2032,True,True,1,0.0,2.0,1.0
2034,True,False,0,1.0,1.0,1.0
2035,True,False,0,1.0,1.0,1.0
2036,True,True,1,1.0,1.0,0.0
2037,True,True,1,0.0,1.0,1.0
2039,True,True,0,1.0,1.0,1.0
2040,True,False,1,1.0,1.0,1.0
2041,False,False,0,1.0,1.0,1.0
2042,False,True,1,1.0,2.0,1.0
2043,True,True,1,1.0,2.0,1.0
2044,True,False,0,1.0,1.0,1.0
2045,False,False,0,1.0,1.0,1.0
2046,True,False,0,1.0,1.0,1.0
2047,True,False,0,1.0,1.0,1.0
2048,True,False,0,1.0,1.0,1.0
2049,True,False,1,1.0,1.0,1.0
2050,False,True,1,1.0,1.0,1.0
2051,False,False,0,1.0,1.0,0.0
2052,True,False,0,1.0,1.0,1.0
2053,True,False,0,1.0,1.0,0.0
2054,True,True,0,1.0,1.0,1.0
2055,True,True,1,1.0,1.0,0.0
2056,True,False,1,1.0,1.0,1.0
2057,True,False,1,1.0,1.0,1.0
2058,True,False,1,1.0,1.0,1.0
2059,True,True,0,1.0,2.0,1.0
2060,True,True,1,0.0,1.0,1.0
2061,True,False,0,1.0,1.0,1.0
2062,True,False,0,1.0,1.0,1.0
2063,True,False,1,1.0,1.0,0.0
2064,True,False,1,0.0,1.0,1.0
2065,True,True,1,1.0,1.0,1.0
2066,False,True,0,1.0,1.0,0.0
2067,False,True,0,1.0,1.0,1.0
2068,True,True,0,1.0,1.0,0.0
2069,True,True,0,1.0,1.0,1.0
2070,True,False,0,1.0,1.0,0.0
2071,True,True,0,1.0,1.0,1.0
2072,True,False,1,1.0,1.0,1.0
2073,True,False,0,0.0,1.0,0.0
2074,True,False,0,1.0,2.0,1.0
2075,True,False,1,1.0,1.0,0.0
2076,True,False,0,1.0,1.0,1.0
2077,True,False,0,1.0,1.0,1.0
2078,True,True,0,1.0,1.0,1.0
2080,True,False,1,0.0,2.0,0.0
2081,True,False,0,1.0,1.0,1.0
2082,True,False,0,1.0,1.0,1.0
2083,False,False,1,1.0,1.0,0.0
2084,True,False,0,1.0,1.0,1.0
2085,False,True,0,1.0,1.0,1.0
2086,True,True,0,1.0,1.0,1.0
2087,True,True,0,1.0,1.0,1.0
2088,True,False,0,1.0,1.0,1.0
2089,True,True,0,1.0,1.0,0.0
2090,True,True,1,1.0,1.0,1.0
2091,True,False,0,1.0,1.0,1.0
2092,True,False,0,1.0,1.0,1.0
2093,True,True,1,1.0,1.0,1.0
2094,True,False,1,1.0,1.0,0.0
2095,True,False,1,1.0,1.0,1.0
2096,True,True,0,1.0,1.0,1.0
2097,True,True,1,0.0,1.0,0.0
2098,True,True,0,1.0,2.0,1.0
2099,True,True,1,1.0,1.0,1.0
2100,True,True,0,1.0,1.0,1.0
2102,True,False,1,1.0,1.0,0.0
2103,True,False,1,1.0,1.0,1.0
2104,True,True,1,1.0,1.0,1.0
2105,True,False,1,1.0,1.0,1.0
2106,True,False,0,1.0,1.0,1.0
2107,True,False,1,1.0,1.0,1.0
2108,True,True,0,1.0,1.0,1.0
2109,True,True,0,1.0,1.0,1.0
2110,True,False,0,1.0,1.0,1.0
2111,True,False,0,1.0,1.0,1.0
2112,True,False,1,1.0,0.0,1.0
2113,False,True,0,1.0,2.0,0.0
2114,True,False,0,1.0,1.0,1.0
2115,True,False,1,0.0,1.0,1.0
2116,True,True,1,1.0,1.0,1.0
2117,True,False,0,1.0,1.0,1.0
2118,True,False,1,1.0,1.0,1.0
2119,True,False,0,1.0,0.0,1.0
2120,True,False,0,0.0,1.0,1.0
2121,True,False,1,1.0,1.0,0.0
2122,True,True,1,1.0,1.0,1.0
2123,True,True,0,1.0,1.0,1.0
2124,True,False,0,1.0,1.0,1.0
2125,True,False,1,1.0,1.0,1.0
2126,True,False,1,1.0,1.0,1.0
2127,True,False,0,1.0,1.0,0.0
2128,True,False,0,1.0,1.0,1.0
2129,True,False,1,1.0,1.0,0.0
2130,True,True,0,1.0,1.0,1.0
2131,True,True,0,0.0,1.0,0.0
2132,True,True,0,1.0,1.0,1.0
2133,True,True,0,0.0,1.0,1.0
2134,True,True,1,1.0,0.0,0.0
2135,True,False,1,1.0,1.0,0.0
2136,False,True,0,1.0,1.0,1.0
2137,True,False,0,1.0,2.0,1.0
2138,True,False,0,1.0,1.0,1.0
2139,False,False,1,1.0,1.0,0.0
2142,True,True,0,1.0,1.0,1.0
2143,True,False,1,0.0,1.0,0.0
2144,True,False,0,0.0,1.0,0.0
2145,True,False,1,1.0,1.0,1.0
2146,True,True,0,1.0,1.0,1.0
2147,True,False,0,1.0,1.0,1.0
2148,True,True,1,1.0,1.0,1.0
2149,False,False,0,1.0,0.0,1.0
2150,True,True,1,1.0,1.0,1.0
2151,True,True,0,1.0,2.0,1.0
2152,True,True,0,1.0,2.0,0.0
2153,True,False,0,0.0,1.0,0.0
2154,True,False,0,1.0,1.0,1.0
2155,True,True,1,1.0,2.0,1.0
2156,True,True,0,1.0,1.0,0.0
2157,True,True,1,1.0,1.0,1.0
2158,True,True,1,1.0,0.0,1.0
2159,True,False,0,1.0,1.0,1.0
2160,True,True,1,1.0,1.0,1.0
2161,True,True,0,1.0,1.0,1.0
2163,True,True,1,1.0,1.0,1.0
2164,True,True,0,1.0,2.0,1.0
2165,True,True,0,1.0,0.0,1.0
2166,True,False,1,1.0,1.0,1.0
2167,True,True,1,0.0,1.0,1.0
2168,True,False,1,1.0,1.0,1.0
2169,True,True,0,0.0,1.0,1.0
2170,True,True,0,0.0,2.0,0.0
2171,True,False,1,1.0,1.0,1.0
2172,True,False,0,1.0,1.0,1.0
2173,True,False,1,1.0,2.0,1.0
2174,True,True,0,1.0,1.0,0.0
2175,True,True,0,1.0,1.0,1.0
2176,True,False,1,1.0,1.0,0.0
2177,True,False,0,1.0,1.0,1.0
2178,True,True,1,1.0,1.0,0.0
2179,True,False,0,1.0,1.0,0.0
2180,True,False,1,1.0,1.0,1.0
2181,True,True,1,1.0,1.0,1.0
2182,True,True,0,1.0,1.0,1.0
2183,True,False,0,1.0,2.0,1.0
2184,True,True,0,1.0,1.0,0.0
2185,True,False,1,1.0,1.0,1.0
2186,True,True,0,1.0,1.0,1.0
2187,True,False,0,1.0,1.0,1.0
2188,True,False,0,1.0,1.0,1.0
2189,True,False,1,1.0,2.0,0.0
2191,True,False,1,1.0,0.0,1.0
2192,True,True,0,1.0,1.0,1.0
2193,True,False,0,1.0,2.0,0.0
2194,True,True,1,1.0,1.0,0.0
2195,True,True,1,1.0,1.0,1.0
2196,True,False,0,1.0,1.0,1.0
2197,True,False,0,1.0,1.0,1.0
2198,True,True,1,1.0,1.0,1.0
2199,True,False,1,1.0,1.0,1.0
2200,True,True,0,1.0,1.0,1.0
2201,True,True,1,1.0,1.0,1.0
2202,True,True,0,1.0,1.0,1.0
2203,True,False,0,1.0,1.0,1.0
2204,True,True,1,1.0,2.0,0.0
2205,True,True,1,1.0,0.0,0.0
2206,True,False,1,0.0,1.0,1.0
2207,True,False,0,1.0,1.0,1.0
2208,True,True,1,1.0,1.0,1.0
2209,True,True,0,1.0,1.0,1.0
2210,True,False,1,1.0,1.0,1.0
2211,True,False,0,1.0,1.0,1.0
2212,True,True,0,1.0,1.0,0.0
2213,True,False,0,1.0,1.0,1.0
2214,True,True,0,1.0,1.0,0.0
2215,True,True,1,1.0,1.0,1.0
2216,True,True,0,1.0,1.0,1.0
2217,True,True,1,1.0,2.0,1.0
2218,True,True,1,1.0,1.0,1.0
2219,True,False,1,1.0,1.0,1.0
2220,True,True,1,0.0,1.0,1.0
2221,True,False,0,1.0,1.0,0.0
2222,True,False,1,0.0,1.0,0.0
2223,True,False,1,1.0,1.0,0.0
2225,True,False,0,1.0,1.0,0.0
2226,False,False,1,1.0,1.0,1.0
2227,True,False,1,1.0,1.0,0.0
2228,True,True,0,1.0,1.0,1.0
2229,True,False,1,1.0,1.0,1.0
2230,True,False,0,1.0,1.0,0.0
2231,True,False,0,0.0,1.0,0.0
2232,True,True,1,1.0,1.0,0.0
2233,True,True,0,1.0,2.0,1.0
2234,True,False,0,1.0,1.0,1.0
2235,True,False,1,1.0,1.0,1.0
2237,True,False,1,1.0,1.0,1.0
2238,True,True,1,1.0,1.0,1.0
2239,True,True,0,1.0,1.0,1.0
2240,True,True,1,1.0,2.0,1.0
2241,True,True,1,1.0,1.0,0.0
2242,True,False,0,1.0,1.0,0.0
2243,False,True,0,1.0,2.0,0.0
2244,True,True,1,1.0,2.0,1.0
2245,True,False,1,1.0,1.0,1.0
2246,True,True,1,1.0,1.0,0.0
2247,True,False,1,1.0,1.0,0.0
2248,True,False,0,1.0,1.0,1.0
2249,True,False,0,1.0,1.0,1.0
2250,True,True,0,1.0,1.0,0.0
2251,True,False,1,1.0,2.0,0.0
2252,True,True,0,1.0,1.0,1.0
2253,True,True,0,0.0,1.0,1.0
2254,True,True,1,1.0,2.0,1.0
2255,True,False,1,1.0,1.0,1.0
2257,True,True,1,1.0,1.0,0.0
2258,True,False,1,1.0,1.0,0.0
2259,True,False,0,1.0,1.0,1.0
2261,True,False,1,0.0,1.0,0.0
2262,True,True,1,1.0,1.0,1.0
2263,False,False,1,1.0,1.0,1.0
2264,True,False,0,1.0,1.0,0.0
2265,True,False,0,1.0,0.0,0.0
2266,False,False,1,1.0,1.0,0.0
2267,True,False,1,1.0,2.0,1.0
2268,True,False,1,1.0,1.0,1.0
2269,True,False,0,1.0,0.0,1.0
2270,True,True,1,1.0,1.0,1.0
2271,True,True,0,1.0,1.0,1.0
2272,True,True,1,1.0,1.0,1.0
2273,True,True,0,1.0,2.0,1.0
2274,True,True,1,1.0,1.0,1.0
2275,True,True,1,1.0,1.0,1.0
2276,True,False,0,1.0,1.0,1.0
2277,True,True,0,1.0,2.0,1.0
2278,True,True,0,1.0,1.0,1.0
2279,True,False,1,1.0,2.0,0.0
2281,False,False,0,1.0,1.0,0.0
2282,True,False,0,1.0,1.0,1.0
2283,True,True,1,1.0,0.0,0.0
2284,True,False,1,1.0,1.0,1.0
2285,True,False,1,1.0,1.0,1.0
2286,True,True,0,1.0,1.0,1.0
2287,True,True,0,0.0,1.0,0.0
2288,True,False,1,0.0,1.0,1.0
2289,True,False,0,1.0,1.0,1.0
2290,True,False,1,1.0,2.0,1.0
2291,True,False,0,1.0,1.0,0.0
2292,True,False,1,1.0,1.0,1.0
2293,True,True,0,1.0,1.0,1.0
2294,False,True,1,1.0,1.0,0.0
2295,True,False,0,1.0,1.0,1.0
2296,True,True,1,1.0,1.0,0.0
2297,True,False,0,1.0,1.0,0.0
2298,True,False,0,1.0,1.0,1.0
2299,True,True,1,0.0,2.0,0.0
2300,True,False,0,0.0,1.0,1.0
2301,True,True,0,1.0,1.0,1.0
2302,True,False,1,0.0,1.0,0.0
2303,True,False,0,1.0,1.0,1.0
2305,True,False,0,1.0,1.0,1.0
2306,True,True,0,1.0,1.0,1.0
2307,True,False,1,1.0,1.0,0.0
2308,True,False,0,1.0,2.0,1.0
2309,True,False,1,1.0,1.0,1.0
2310,True,False,0,0.0,1.0,1.0
2311,True,True,0,1.0,1.0,1.0
2312,True,False,1,1.0,1.0,1.0
2313,True,True,0,1.0,1.0,1.0
2314,True,False,0,1.0,1.0,1.0
2315,True,False,0,1.0,1.0,1.0
2316,True,False,0,1.0,2.0,1.0
2317,True,True,1,1.0,1.0,1.0
2318,True,False,1,1.0,1.0,1.0
2319,True,True,1,1.0,1.0,1.0
2320,True,True,0,1.0,1.0,1.0
2321,True,False,1,1.0,0.0,0.0
2322,True,False,0,1.0,1.0,0.0
2323,True,True,0,0.0,1.0,1.0
2324,True,False,0,1.0,0.0,1.0
2325,True,True,0,1.0,1.0,1.0
2327,True,True,0,1.0,1.0,1.0
2328,True,True,0,1.0,0.0,1.0
2329,True,True,1,1.0,2.0,1.0
2330,True,False,1,1.0,1.0,0.0
2331,True,True,1,1.0,1.0,1.0
2332,True,True,0,1.0,1.0,1.0
2333,False,False,1,0.0,1.0,0.0
2334,True,True,0,1.0,1.0,0.0
2335,True,False,0,1.0,1.0,1.0
2336,True,True,0,1.0,1.0,0.0
2337,True,True,1,1.0,1.0,1.0
2339,True,False,1,1.0,1.0,1.0
2340,False,False,0,1.0,1.0,0.0
2341,False,True,1,1.0,1.0,1.0
2342,True,True,1,1.0,1.0,1.0
2343,True,True,1,1.0,2.0,1.0
2344,True,True,0,1.0,1.0,1.0
2345,True,False,0,1.0,1.0,1.0
2347,True,True,0,1.0,1.0,1.0
2348,False,False,0,1.0,1.0,1.0
2349,False,True,1,1.0,1.0,1.0
2350,True,True,1,1.0,0.0,1.0
2351,True,True,0,1.0,1.0,1.0
2352,True,True,0,1.0,1.0,1.0
2353,True,True,1,1.0,1.0,0.0
2354,True,False,1,1.0,1.0,1.0
2355,True,False,1,1.0,1.0,0.0
2356,True,True,0,0.0,1.0,1.0
2357,True,True,0,1.0,1.0,1.0
2358,True,False,1,1.0,1.0,1.0
2359,True,False,1,1.0,1.0,1.0
2360,True,False,1,1.0,1.0,0.0
2361,True,False,0,1.0,1.0,0.0
2362,True,True,1,1.0,1.0,1.0
2363,True,False,0,1.0,1.0,1.0
2364,True,True,1,1.0,1.0,1.0
2365,True,True,0,1.0,1.0,0.0
2366,True,True,1,1.0,2.0,1.0
2367,True,False,0,0.0,1.0,0.0
2368,True,False,1,1.0,1.0,1.0
2369,True,True,1,1.0,1.0,1.0
2370,True,True,1,1.0,1.0,1.0
2371,True,False,0,1.0,1.0,0.0
2372,True,True,0,1.0,1.0,1.0
2373,False,True,1,1.0,1.0,1.0
2374,True,False,0,1.0,1.0,1.0
2375,True,False,0,1.0,1.0,1.0
2376,True,False,1,1.0,1.0,0.0
2377,True,True,0,1.0,1.0,1.0
2378,True,False,1,1.0,1.0,0.0
2379,True,True,0,1.0,1.0,0.0
2380,True,True,1,1.0,1.0,1.0
2381,True,True,0,1.0,1.0,1.0
2382,True,True,0,1.0,1.0,1.0
2383,True,True,0,1.0,1.0,1.0
2384,True,False,1,1.0,1.0,0.0
2385,False,False,1,0.0,1.0,1.0
2386,True,True,0,1.0,2.0,0.0
2388,True,True,1,0.0,1.0,0.0
2389,False,True,0,1.0,1.0,0.0
2390,True,False,0,1.0,1.0,1.0
2392,True,False,0,1.0,1.0,0.0
2393,True,False,0,1.0,1.0,1.0
2394,True,True,1,1.0,0.0,1.0
2395,True,True,0,1.0,1.0,0.0
2396,True,True,1,0.0,1.0,0.0
2397,True,False,0,1.0,1.0,1.0
2398,False,True,0,1.0,1.0,1.0
2399,True,False,0,1.0,1.0,1.0
2400,True,False,1,1.0,2.0,1.0
2401,False,False,0,1.0,1.0,1.0
2402,True,False,1,0.0,1.0,0.0
2403,True,False,1,1.0,2.0,1.0
2404,True,True,0,1.0,1.0,1.0
2405,True,True,1,1.0,1.0,0.0
2406,True,False,1,1.0,1.0,1.0
2407,True,False,0,1.0,1.0,0.0
2408,True,False,1,1.0,1.0,1.0
2409,True,False,0,1.0,1.0,1.0
2410,True,False,1,1.0,2.0,1.0
2411,True,False,0,0.0,1.0,0.0
2412,True,False,1,1.0,0.0,1.0
2413,True,False,1,1.0,1.0,1.0
2414,True,False,0,1.0,1.0,1.0
2415,True,True,0,1.0,1.0,1.0
2416,True,False,0,1.0,1.0,0.0
2417,True,False,1,1.0,1.0,1.0
2418,True,True,0,1.0,1.0,0.0
2419,True,False,1,0.0,1.0,0.0
2420,False,False,0,1.0,1.0,0.0
2421,True,True,0,1.0,1.0,1.0
2422,True,True,0,1.0,1.0,1.0
2423,True,True,1,1.0,1.0,1.0
2424,True,True,1,0.0,1.0,1.0
2425,True,True,1,0.0,1.0,1.0
2426,True,False,1,1.0,0.0,1.0
2427,True,True,0,1.0,1.0,1.0
2428,True,True,1,1.0,1.0,1.0
2429,True,True,0,1.0,1.0,1.0
2430,True,False,0,1.0,1.0,1.0
2431,True,True,0,0.0,1.0,1.0
2432,True,True,1,1.0,0.0,0.0
2433,True,False,0,0.0,1.0,1.0
2434,True,True,1,1.0,1.0,1.0
2435,True,False,0,1.0,1.0,0.0
2436,True,False,0,0.0,1.0,1.0
2437,True,False,0,1.0,1.0,1.0
2438,True,True,0,1.0,1.0,1.0
2439,True,True,1,1.0,1.0,0.0
2440,True,False,0,1.0,1.0,0.0
2441,True,False,0,1.0,1.0,1.0
2442,True,False,0,1.0,1.0,0.0
2443,True,True,0,1.0,1.0,1.0
2444,True,False,0,1.0,1.0,1.0
2445,True,True,1,1.0,1.0,1.0
2446,True,False,1,1.0,1.0,1.0
2447,True,False,0,1.0,1.0,1.0
2448,True,True,1,1.0,0.0,0.0
2449,True,False,1,1.0,1.0,0.0
2450,True,False,0,1.0,2.0,1.0
2451,True,False,1,1.0,1.0,0.0
2452,True,True,1,1.0,2.0,1.0
2453,True,True,0,1.0,2.0,1.0
2454,True,True,1,1.0,2.0,0.0
2455,True,False,1,1.0,1.0,0.0
2456,True,False,0,1.0,1.0,1.0
2457,True,False,0,1.0,1.0,1.0
2458,True,False,0,1.0,1.0,1.0
2459,True,False,0,1.0,1.0,1.0
2460,True,False,1,1.0,2.0,1.0
2461,True,False,1,1.0,2.0,1.0
2462,True,True,0,1.0,1.0,0.0
2463,True,False,1,1.0,2.0,1.0
2464,True,False,0,0.0,1.0,0.0
2465,True,False,1,1.0,1.0,0.0
2466,True,True,0,1.0,0.0,1.0
2467,True,False,0,1.0,1.0,1.0
2468,True,True,1,1.0,0.0,1.0
2469,True,False,1,1.0,1.0,1.0
2470,True,False,1,0.0,1.0,1.0
2471,True,True,0,1.0,1.0,1.0
2472,True,False,1,1.0,1.0,1.0
2473,True,False,1,1.0,1.0,0.0
2474,True,False,1,1.0,1.0,1.0
2475,False,False,1,1.0,1.0,0.0
2476,True,False,0,1.0,1.0,1.0
2477,True,True,1,1.0,2.0,0.0
2478,True,False,1,1.0,1.0,0.0
2479,False,False,1,1.0,1.0,1.0
2480,False,False,1,1.0,1.0,0.0
2481,True,False,0,1.0,1.0,1.0
2482,True,True,0,1.0,2.0,1.0
2483,True,False,0,0.0,1.0,1.0
2484,True,False,0,1.0,1.0,1.0
2485,True,True,1,1.0,1.0,1.0
2486,True,True,1,1.0,2.0,0.0
2487,True,True,0,1.0,2.0,1.0
2488,True,True,1,1.0,1.0,1.0
2489,True,True,1,1.0,1.0,1.0
2490,False,False,1,1.0,1.0,1.0
2491,True,False,1,1.0,2.0,1.0
2492,True,False,0,1.0,2.0,1.0
2493,True,True,0,1.0,1.0,1.0
2494,True,True,1,1.0,1.0,0.0
2495,True,False,0,1.0,0.0,1.0
2496,True,False,0,0.0,1.0,0.0
2498,True,False,1,1.0,1.0,0.0
2499,True,False,0,1.0,1.0,1.0
2501,True,False,1,1.0,1.0,0.0
2502,True,False,1,1.0,2.0,0.0
2503,True,True,0,1.0,2.0,1.0
2504,True,True,0,1.0,2.0,1.0
2505,True,False,1,1.0,1.0,1.0
2506,True,False,0,1.0,1.0,1.0
2507,True,True,0,1.0,1.0,1.0
2508,True,False,0,1.0,1.0,1.0
2509,True,False,1,1.0,1.0,1.0
2510,True,True,0,1.0,1.0,1.0
2511,True,False,1,1.0,1.0,1.0
2512,True,False,0,1.0,1.0,1.0
2513,True,False,1,1.0,2.0,1.0
2514,True,True,0,1.0,1.0,0.0
2515,True,False,1,1.0,2.0,0.0
2516,True,False,0,1.0,1.0,0.0
2517,True,False,0,1.0,1.0,1.0
2518,True,True,0,1.0,1.0,1.0
2519,True,False,0,0.0,1.0,1.0
2520,False,True,1,1.0,2.0,0.0
2521,True,True,0,0.0,1.0,0.0
2522,True,True,0,1.0,2.0,1.0
2523,True,False,1,1.0,1.0,1.0
2524,True,False,1,1.0,1.0,1.0
2525,True,False,0,1.0,1.0,1.0
2526,True,False,0,1.0,1.0,1.0
2527,True,False,0,1.0,1.0,0.0
2528,True,True,0,1.0,1.0,1.0
2529,True,False,1,1.0,1.0,1.0
2530,True,False,1,1.0,1.0,1.0
2531,True,True,0,1.0,1.0,1.0
2532,True,False,1,1.0,1.0,1.0
2533,True,True,0,1.0,1.0,1.0
2534,True,True,0,1.0,0.0,0.0
2535,False,True,1,1.0,1.0,1.0
2536,True,False,0,1.0,1.0,1.0
2537,True,False,1,1.0,1.0,1.0
2538,True,True,1,1.0,2.0,1.0
2539,False,False,1,1.0,0.0,1.0
2540,True,True,1,1.0,1.0,1.0
2541,True,False,0,1.0,1.0,0.0
2542,True,False,1,1.0,1.0,1.0
2543,True,True,0,0.0,1.0,1.0
2544,True,False,1,1.0,1.0,1.0
2545,True,False,1,1.0,1.0,1.0
2546,True,True,1,0.0,2.0,1.0
2547,True,False,1,1.0,1.0,1.0
2548,True,False,0,1.0,0.0,1.0
2549,False,False,1,1.0,2.0,0.0
2550,True,False,0,1.0,1.0,1.0
2551,True,False,1,1.0,1.0,0.0
2552,True,True,1,1.0,1.0,1.0
2553,True,False,0,1.0,2.0,0.0
2554,True,False,1,1.0,1.0,1.0
2555,True,True,0,1.0,1.0,1.0
2556,True,False,0,1.0,0.0,1.0
2557,True,False,0,1.0,1.0,1.0
2558,True,True,0,1.0,1.0,0.0
2559,False,True,1,1.0,2.0,1.0
2560,True,False,0,1.0,1.0,0.0
2561,True,True,0,1.0,1.0,1.0
2562,True,False,1,1.0,1.0,1.0
2563,True,False,0,1.0,1.0,1.0
2564,True,True,1,1.0,1.0,1.0
2565,True,False,1,1.0,1.0,1.0
2566,True,False,1,1.0,1.0,1.0
2567,True,False,0,1.0,1.0,1.0
2568,True,True,1,1.0,1.0,0.0
2569,True,False,1,1.0,1.0,1.0
2570,True,False,0,1.0,1.0,1.0
2571,True,False,0,1.0,0.0,1.0
2572,True,False,1,1.0,1.0,0.0
2573,True,True,0,1.0,2.0,1.0
2574,True,True,0,1.0,1.0,1.0
2575,True,True,1,1.0,1.0,1.0
2576,True,True,1,1.0,1.0,0.0
2577,True,False,1,1.0,1.0,1.0
2578,True,False,0,1.0,1.0,1.0
2579,True,False,0,1.0,1.0,1.0
2580,True,False,1,1.0,1.0,1.0
2582,True,True,1,1.0,2.0,0.0
2583,True,False,1,1.0,1.0,0.0
2584,True,True,1,1.0,1.0,1.0
2585,True,True,1,1.0,1.0,0.0
2586,True,True,0,1.0,2.0,1.0
2587,True,True,1,1.0,1.0,0.0
2588,True,False,0,1.0,1.0,1.0
2589,True,True,0,0.0,1.0,1.0
2590,True,True,0,1.0,1.0,1.0
2591,True,False,0,1.0,1.0,0.0
2592,True,True,0,1.0,1.0,1.0
2594,True,True,0,1.0,2.0,0.0
2595,True,True,1,1.0,1.0,1.0
2596,True,False,0,1.0,1.0,1.0
2597,True,True,1,1.0,1.0,1.0
2598,True,False,1,0.0,1.0,0.0
2599,True,False,1,1.0,1.0,1.0
2600,True,False,0,1.0,2.0,1.0
2601,True,False,0,1.0,1.0,1.0
2602,True,False,1,1.0,1.0,0.0
2603,True,True,0,0.0,1.0,1.0
2604,True,False,1,1.0,1.0,1.0
2606,True,True,1,1.0,1.0,1.0
2607,True,True,1,1.0,2.0,1.0
2608,True,False,1,1.0,1.0,0.0
2609,True,True,0,1.0,1.0,1.0
2610,True,False,1,1.0,1.0,1.0
2611,True,True,0,1.0,2.0,1.0
2612,True,False,1,1.0,1.0,0.0
2613,True,False,1,1.0,1.0,1.0
2614,True,True,0,1.0,1.0,1.0
2615,True,False,1,1.0,1.0,0.0
2616,False,False,0,1.0,1.0,1.0
2617,True,True,0,1.0,1.0,1.0
2618,True,False,1,1.0,1.0,1.0
2619,True,True,0,1.0,2.0,1.0
2620,True,True,1,1.0,1.0,1.0
2621,True,False,0,1.0,1.0,1.0
2622,True,False,0,1.0,1.0,1.0
2623,True,False,0,1.0,1.0,1.0
2624,True,False,0,1.0,1.0,1.0
2625,True,False,0,1.0,1.0,1.0
2626,True,False,1,1.0,1.0,1.0
2627,True,False,0,1.0,1.0,1.0
2628,True,False,0,1.0,1.0,0.0
2629,True,False,1,1.0,1.0,1.0
2631,True,False,0,1.0,1.0,0.0
2632,True,False,0,1.0,1.0,1.0
2633,True,True,1,1.0,1.0,0.0
2634,True,False,1,1.0,1.0,1.0
2635,True,True,0,0.0,2.0,1.0
2636,True,True,1,1.0,1.0,1.0
2637,True,False,0,1.0,0.0,1.0
2638,True,False,1,1.0,1.0,0.0
2639,True,False,1,1.0,1.0,0.0
2640,True,True,1,0.0,1.0,1.0
2641,True,False,0,1.0,1.0,1.0
2642,True,False,0,1.0,1.0,1.0
2643,True,False,0,1.0,1.0,1.0
2644,True,False,0,1.0,1.0,1.0
2645,True,True,1,1.0,2.0,0.0
2646,True,True,1,1.0,2.0,1.0
2647,True,False,1,1.0,1.0,0.0
2648,True,False,1,1.0,1.0,1.0
2649,True,False,0,1.0,1.0,1.0
2650,True,False,1,1.0,0.0,1.0
2651,True,False,1,1.0,1.0,0.0
2652,True,False,1,0.0,1.0,0.0
2653,True,False,1,1.0,1.0,0.0
2654,True,True,1,1.0,1.0,1.0
2655,True,False,0,1.0,1.0,1.0
2656,True,True,1,0.0,1.0,1.0
2657,True,False,0,0.0,1.0,1.0
2658,True,False,0,1.0,1.0,0.0
2660,True,False,0,1.0,1.0,1.0
2661,True,True,0,1.0,1.0,1.0
2662,True,False,1,1.0,1.0,0.0
2663,True,False,0,1.0,1.0,1.0
2664,True,False,1,1.0,1.0,1.0
2665,True,False,1,1.0,1.0,1.0
2666,True,False,1,1.0,1.0,1.0
2667,True,False,0,0.0,1.0,1.0
2668,True,False,0,1.0,1.0,1.0
2669,True,True,0,1.0,1.0,1.0
2670,True,True,1,0.0,2.0,1.0
2671,True,True,0,0.0,2.0,1.0
2672,True,True,0,1.0,1.0,1.0
2673,True,False,0,1.0,2.0,1.0
2674,True,False,0,1.0,1.0,1.0
2675,True,False,0,1.0,1.0,1.0
2676,True,False,0,1.0,1.0,1.0
2677,True,True,1,1.0,1.0,1.0
2678,True,False,1,1.0,1.0,1.0
2679,False,False,1,1.0,1.0,0.0
2680,True,False,0,1.0,1.0,1.0
2681,True,True,0,1.0,1.0,1.0
2682,True,True,0,1.0,1.0,0.0
2683,True,False,0,1.0,1.0,1.0
2684,True,True,1,1.0,1.0,1.0
2685,True,False,0,1.0,1.0,1.0
2686,True,True,1,1.0,1.0,1.0
2687,True,False,0,1.0,1.0,1.0
2688,True,False,0,1.0,1.0,1.0
2689,True,False,0,1.0,1.0,0.0
2690,True,False,0,1.0,1.0,1.0
2691,True,True,1,1.0,1.0,0.0
2693,True,False,1,1.0,1.0,0.0
2694,True,False,0,0.0,1.0,1.0
2695,True,True,0,1.0,2.0,1.0
2696,False,False,0,1.0,1.0,1.0
2697,True,False,1,1.0,1.0,1.0
2698,True,False,1,1.0,1.0,0.0
2700,True,False,1,1.0,1.0,1.0
2701,True,True,0,1.0,1.0,0.0
2702,True,True,0,1.0,1.0,1.0
2703,True,False,0,1.0,1.0,1.0
2704,True,True,0,1.0,1.0,1.0
2705,True,False,1,1.0,1.0,0.0
2707,True,True,0,0.0,1.0,0.0
2708,True,False,1,1.0,1.0,1.0
2709,True,True,0,1.0,1.0,1.0
2710,True,False,0,1.0,1.0,1.0
2711,True,True,0,1.0,1.0,1.0
2712,True,False,1,1.0,1.0,1.0
2714,True,False,0,1.0,1.0,1.0
2715,True,True,0,1.0,1.0,1.0
2716,True,False,0,1.0,1.0,1.0
2717,True,False,0,1.0,1.0,1.0
2719,True,True,0,1.0,1.0,1.0
2720,True,False,0,1.0,1.0,1.0
2721,True,False,0,1.0,1.0,0.0
2722,True,True,0,0.0,1.0,1.0
2723,True,True,0,1.0,1.0,0.0
2724,True,False,0,0.0,2.0,1.0
2725,True,False,0,1.0,1.0,1.0
2726,True,True,0,1.0,2.0,1.0
2727,True,False,0,1.0,1.0,1.0
2729,True,False,0,1.0,1.0,0.0
2730,True,True,1,1.0,0.0,0.0
2731,True,False,1,1.0,2.0,1.0
2732,True,True,1,1.0,1.0,1.0
2733,True,True,0,1.0,1.0,0.0
2734,True,False,0,1.0,2.0,1.0
2735,True,True,1,0.0,1.0,1.0
2737,True,False,1,1.0,1.0,1.0
2739,True,False,1,1.0,1.0,0.0
2740,True,False,0,1.0,1.0,1.0
2741,True,True,1,0.0,2.0,0.0
2742,True,False,0,1.0,1.0,1.0
2744,True,True,0,0.0,2.0,0.0
2745,True,True,1,1.0,2.0,1.0
2746,True,False,1,1.0,1.0,0.0
2747,True,False,1,1.0,1.0,0.0
2748,True,True,1,1.0,1.0,1.0
2749,True,True,0,1.0,1.0,1.0
2750,True,True,1,1.0,1.0,1.0
2751,True,False,0,1.0,2.0,1.0
2752,True,False,0,1.0,2.0,1.0
2754,True,False,1,1.0,0.0,0.0
2755,True,False,0,1.0,1.0,1.0
2756,True,True,1,1.0,2.0,1.0
2757,True,False,1,1.0,1.0,1.0
2758,True,True,0,1.0,1.0,1.0
2759,True,False,0,1.0,1.0,1.0
2760,True,False,1,1.0,2.0,1.0
2761,True,True,0,1.0,1.0,0.0
2762,True,False,1,0.0,1.0,0.0
2763,True,False,0,0.0,2.0,1.0
2764,True,False,0,1.0,1.0,1.0
2766,True,True,0,1.0,1.0,0.0
2767,True,False,1,1.0,0.0,1.0
2768,True,False,0,1.0,1.0,1.0
2769,True,True,0,1.0,1.0,1.0
2770,True,False,1,1.0,1.0,1.0
2771,True,True,0,0.0,1.0,1.0
2772,True,False,1,1.0,0.0,1.0
2773,True,False,0,1.0,1.0,1.0
2774,True,False,0,1.0,1.0,1.0
2775,True,True,0,0.0,1.0,0.0
2777,True,False,1,1.0,1.0,1.0
2778,True,True,0,1.0,2.0,0.0
2779,True,False,0,1.0,1.0,1.0
2780,True,False,1,1.0,1.0,1.0
2781,True,True,0,1.0,1.0,1.0
2782,True,False,1,0.0,1.0,0.0
2784,True,False,0,1.0,1.0,1.0
2785,True,False,0,0.0,1.0,0.0
2787,True,True,1,1.0,2.0,1.0
2788,True,False,1,1.0,1.0,1.0
2790,True,False,1,1.0,1.0,0.0
2791,True,False,1,1.0,1.0,1.0
2792,True,False,1,1.0,1.0,1.0
2793,True,True,0,0.0,2.0,1.0
2794,False,False,0,1.0,1.0,1.0
2795,True,False,0,1.0,1.0,1.0
2797,True,False,0,1.0,1.0,1.0
2798,True,False,1,1.0,2.0,1.0
2799,True,False,0,1.0,1.0,1.0
2800,True,True,0,0.0,2.0,1.0
2801,True,False,1,1.0,2.0,1.0
2802,True,True,0,1.0,1.0,0.0
2803,True,False,0,1.0,1.0,1.0
2804,True,False,1,1.0,1.0,1.0
2805,True,False,0,1.0,1.0,1.0
2806,True,True,1,1.0,1.0,1.0
2807,True,False,1,1.0,1.0,1.0
2808,True,True,1,1.0,1.0,1.0
2809,True,True,0,1.0,1.0,1.0
2810,True,True,1,1.0,1.0,0.0
2811,True,False,0,1.0,1.0,1.0
2812,True,False,1,1.0,1.0,0.0
2813,True,False,0,1.0,1.0,1.0
2814,True,True,0,1.0,1.0,0.0
2815,True,True,1,1.0,1.0,1.0
2816,True,True,0,1.0,0.0,1.0
2817,True,True,0,1.0,1.0,0.0
2818,True,False,0,1.0,1.0,1.0
2819,True,True,0,1.0,1.0,1.0
2820,True,True,0,1.0,1.0,1.0
2821,True,False,0,1.0,2.0,1.0
2822,True,False,0,1.0,1.0,1.0
2823,True,True,1,1.0,1.0,1.0
2824,True,True,0,1.0,1.0,1.0
2825,True,False,1,1.0,1.0,0.0
2826,True,False,0,1.0,1.0,1.0
2827,True,True,1,1.0,1.0,1.0
2828,True,False,0,1.0,1.0,1.0
2829,True,False,1,1.0,1.0,1.0
2830,True,False,1,1.0,1.0,0.0
2831,True,False,0,1.0,1.0,1.0
2832,True,True,0,1.0,1.0,1.0
2833,True,False,0,1.0,1.0,1.0
2834,True,True,0,1.0,1.0,1.0
2836,True,False,0,1.0,2.0,1.0
2837,True,False,1,1.0,2.0,1.0
2838,True,True,0,1.0,1.0,0.0
2840,True,False,1,0.0,1.0,1.0
2841,True,False,0,1.0,1.0,1.0
2842,True,False,0,1.0,1.0,1.0
2843,True,False,0,1.0,1.0,0.0
2844,True,False,1,0.0,1.0,1.0
2845,True,False,1,1.0,1.0,1.0
2846,True,True,0,1.0,1.0,1.0
2847,True,False,1,1.0,1.0,1.0
2848,True,True,1,1.0,1.0,1.0
2849,True,False,1,1.0,1.0,1.0
2851,True,True,0,1.0,1.0,1.0
2852,True,False,0,1.0,1.0,1.0
2853,True,False,1,0.0,1.0,0.0
2854,True,True,0,1.0,1.0,1.0
2855,True,True,1,1.0,1.0,1.0
2856,True,True,0,1.0,1.0,1.0
2857,True,False,0,1.0,1.0,1.0
2858,True,False,0,0.0,1.0,0.0
2860,True,False,0,1.0,1.0,1.0
2861,True,True,0,0.0,1.0,0.0
2862,True,False,1,1.0,1.0,1.0
2863,True,False,0,1.0,1.0,0.0
2864,True,False,0,0.0,1.0,0.0
2866,True,False,0,0.0,1.0,1.0
2867,True,False,0,1.0,1.0,0.0
2869,True,False,0,1.0,1.0,0.0
2870,True,False,1,1.0,1.0,1.0
2871,True,False,1,1.0,1.0,0.0
2872,True,False,0,1.0,1.0,1.0
2873,True,True,0,1.0,1.0,0.0
2875,True,True,1,1.0,1.0,1.0
2876,True,False,0,1.0,1.0,0.0
2877,True,True,1,1.0,2.0,1.0
2878,True,True,0,1.0,0.0,1.0
2879,True,True,0,1.0,1.0,1.0
2880,True,False,1,1.0,1.0,1.0
2881,False,False,1,1.0,2.0,1.0
2882,False,True,1,1.0,1.0,1.0
2883,True,True,1,1.0,1.0,1.0
2884,True,False,1,1.0,1.0,1.0
2885,True,True,1,1.0,2.0,1.0
2886,True,False,0,1.0,1.0,1.0
2887,False,True,1,1.0,1.0,1.0
2888,True,False,0,1.0,1.0,1.0
2889,True,False,0,1.0,1.0,1.0
2890,True,False,0,0.0,2.0,1.0
2891,True,True,1,1.0,1.0,1.0
2892,False,False,0,1.0,1.0,0.0
2893,True,False,1,1.0,1.0,1.0
2894,True,False,0,1.0,2.0,1.0
2895,True,True,1,1.0,1.0,0.0
2896,True,False,0,1.0,2.0,1.0
2897,True,True,1,1.0,1.0,1.0
2898,True,False,1,1.0,1.0,1.0
2899,True,True,1,1.0,2.0,1.0
2900,True,True,0,1.0,1.0,1.0
2901,True,False,0,1.0,1.0,1.0
2902,True,False,0,1.0,1.0,0.0
2903,True,True,0,1.0,1.0,1.0
2904,True,False,1,1.0,1.0,1.0
2905,True,False,1,1.0,1.0,1.0
2906,True,False,1,1.0,1.0,1.0
2907,True,False,1,1.0,1.0,0.0
2908,True,True,0,1.0,0.0,1.0
2910,True,False,1,1.0,1.0,0.0
2911,True,False,0,1.0,2.0,0.0
2912,True,False,0,1.0,2.0,0.0
2913,True,False,1,1.0,1.0,0.0
2914,True,False,0,1.0,2.0,1.0
2915,True,False,0,1.0,1.0,0.0
2916,True,False,1,1.0,1.0,0.0
2918,True,False,1,0.0,2.0,1.0
2919,True,False,0,0.0,1.0,1.0
2920,True,False,1,1.0,1.0,1.0
2921,True,True,1,1.0,1.0,1.0
2922,True,True,1,1.0,1.0,1.0
2923,True,True,0,1.0,1.0,1.0
2924,True,True,1,1.0,1.0,1.0
2925,True,False,1,1.0,1.0,1.0
2926,True,True,0,0.0,2.0,0.0
2927,True,True,1,1.0,1.0,1.0
2928,True,True,0,1.0,1.0,1.0
2929,True,False,0,1.0,1.0,1.0
2931,True,True,1,1.0,1.0,1.0
2932,True,True,1,1.0,1.0,0.0
2933,True,True,0,1.0,1.0,1.0
2934,True,True,0,0.0,1.0,1.0
2935,True,True,0,1.0,1.0,1.0
2936,True,False,1,1.0,1.0,1.0
2937,True,True,1,1.0,2.0,1.0
2938,True,False,0,1.0,1.0,1.0
2939,True,False,1,1.0,1.0,0.0
2940,True,False,1,0.0,2.0,1.0
2942,True,False,0,1.0,2.0,1.0
2943,True,False,1,1.0,1.0,0.0
2944,True,False,0,1.0,1.0,0.0
2945,True,False,0,1.0,2.0,1.0
2946,True,True,0,1.0,1.0,1.0
2947,True,True,1,1.0,1.0,1.0
2948,True,False,1,1.0,1.0,1.0
2949,True,False,0,1.0,1.0,0.0
2951,True,False,0,1.0,2.0,1.0
2952,True,False,0,1.0,1.0,1.0
2954,True,False,1,1.0,2.0,1.0
2955,True,False,0,1.0,1.0,0.0
2956,True,True,0,1.0,1.0,1.0
2957,True,False,0,1.0,1.0,1.0
2958,True,False,0,1.0,1.0,1.0
2959,True,True,0,1.0,1.0,0.0
2960,True,True,0,1.0,1.0,1.0
2961,True,False,1,1.0,1.0,1.0
2962,True,True,1,1.0,1.0,1.0
2963,True,False,1,1.0,1.0,1.0
2964,True,True,0,1.0,2.0,0.0
2965,True,True,1,1.0,1.0,1.0
2966,True,False,1,1.0,1.0,1.0
2967,True,True,1,1.0,1.0,1.0
2968,True,True,1,1.0,1.0,1.0
2969,False,False,0,1.0,1.0,1.0
2970,False,True,0,1.0,2.0,1.0
2971,True,False,1,1.0,1.0,1.0
2972,True,False,0,1.0,1.0,0.0
2973,True,True,1,1.0,0.0,1.0
2974,False,True,1,1.0,0.0,1.0
2975,True,True,1,1.0,2.0,1.0
2976,True,False,1,1.0,1.0,1.0
2977,True,False,0,1.0,1.0,1.0
2978,False,False,1,1.0,1.0,0.0
2979,True,True,0,1.0,1.0,1.0
2981,True,False,0,0.0,1.0,1.0
2982,True,True,0,1.0,1.0,1.0
2983,True,False,1,1.0,1.0,1.0
2984,True,True,0,1.0,0.0,1.0
2985,True,False,0,1.0,2.0,1.0
2986,True,False,0,1.0,1.0,1.0
2987,True,True,1,1.0,1.0,0.0
2988,True,True,0,0.0,2.0,1.0
2989,True,False,1,1.0,1.0,0.0
2990,True,True,1,1.0,1.0,1.0
2991,True,True,0,0.0,2.0,1.0
2992,True,False,1,1.0,1.0,1.0
2993,True,False,1,1.0,1.0,1.0
2995,True,False,0,1.0,1.0,1.0
2996,True,True,0,1.0,1.0,1.0
2997,True,True,1,1.0,2.0,1.0
2998,True,True,1,1.0,0.0,1.0
2999,True,True,1,1.0,1.0,1.0
3000,True,False,0,1.0,1.0,1.0
3001,True,False,0,1.0,1.0,1.0
3002,True,False,0,1.0,2.0,1.0
3003,True,True,0,0.0,2.0,1.0
3004,True,True,0,1.0,1.0,1.0
3005,True,False,1,1.0,1.0,1.0
3006,True,False,1,1.0,1.0,1.0
3007,True,True,0,1.0,1.0,0.0
3009,True,True,0,1.0,1.0,1.0
3010,False,True,0,1.0,1.0,0.0
3011,True,True,0,1.0,1.0,1.0
3012,True,False,1,1.0,1.0,0.0
3014,True,True,1,1.0,1.0,1.0
3015,True,True,0,0.0,1.0,1.0
3016,True,True,1,1.0,1.0,0.0
3017,True,True,0,0.0,2.0,1.0
3018,True,True,1,1.0,1.0,1.0
3019,True,False,0,1.0,1.0,1.0
3020,True,False,0,1.0,1.0,1.0
3022,True,True,0,1.0,2.0,1.0
